<?xml version="1.0" encoding="utf-8" ?>
<Defs>

 <ThingDef ParentName="BodyPartProstheticBase">
    <defName>Thruster</defName>
    <label>thruster</label>
    <description>A robotic thruster capable of levitation.</description>
  <costList>
      <Steel>50</Steel>
      <ComponentIndustrial>4</ComponentIndustrial>
    </costList>
    <statBases>
      <WorkToMake>10000</WorkToMake>
      <Mass>8</Mass>
    </statBases>
  </ThingDef>
  
   <ThingDef ParentName="BodyPartProstheticBase">
    <defName>RoboticHead</defName>
    <label>robotic head</label>
    <description>A robotic head with an internal weapon mount.</description>
  <costList>
      <Steel>50</Steel>
      <ComponentIndustrial>4</ComponentIndustrial>
    </costList>
    <statBases>
      <WorkToMake>10000</WorkToMake>
      <Mass>8</Mass>
    </statBases>
  </ThingDef>
  
   <ThingDef ParentName="BodyPartProstheticBase">
    <defName>Buzzsaw</defName>
    <label>buzzsaw</label>
    <description>A robotic buzzsaw capable of cutting flesh.</description>
  <costList>
      <Steel>20</Steel>
      <ComponentIndustrial>2</ComponentIndustrial>
    </costList>
    <statBases>
      <WorkToMake>10000</WorkToMake>
      <Mass>8</Mass>
    </statBases>
  </ThingDef>
  
     <ThingDef ParentName="BodyPartProstheticBase">
    <defName>Screen</defName>
    <label>screen</label>
    <description>A regular screen.</description>
  <costList>
      <Steel>20</Steel>
      <ComponentIndustrial>2</ComponentIndustrial>
    </costList>
    <statBases>
      <WorkToMake>10000</WorkToMake>
      <Mass>8</Mass>
    </statBases>
  </ThingDef>
  
      <!--ThingDef ParentName="BodyPartProstheticBase">
    <defName>Mk1Screen</defName>
    <label>Mk1 screen</label>
    <description>A default Mk1 screen.</description>
  <costList>
      <Steel>20</Steel>
      <ComponentIndustrial>2</ComponentIndustrial>
    </costList>
    <statBases>
      <WorkToMake>10000</WorkToMake>
      <Mass>8</Mass>
    </statBases>
  </ThingDef-->
  
   <ThingDef ParentName="BodyPartProstheticBase">
    <defName>SensorPackage</defName>
    <label>sensor package</label>
    <description>A mechanical microphone capable of listening.</description>
  <costList>
      <Steel>30</Steel>
      <ComponentIndustrial>3</ComponentIndustrial>
    </costList>
    <statBases>
      <WorkToMake>10000</WorkToMake>
      <Mass>8</Mass>
    </statBases>
  </ThingDef>
  
   <ThingDef ParentName="BodyPartProstheticBase">
    <defName>EyeStalk</defName>
    <label>eye stalk</label>
    <description>A robotic stalk for holding an eye.</description>
  <costList>
      <Steel>50</Steel>
      <ComponentIndustrial>5</ComponentIndustrial>
    </costList>
    <statBases>
      <WorkToMake>10000</WorkToMake>
      <Mass>8</Mass>
    </statBases>
  </ThingDef>
 
   <ThingDef ParentName="BodyPartProstheticBase">
    <defName>SegmentedArm</defName>
    <label>segmented robot arm</label>
    <description>A robotic arm.</description>
  <costList>
      <Steel>40</Steel>
      <ComponentIndustrial>4</ComponentIndustrial>
    </costList>
    <statBases>
      <WorkToMake>10000</WorkToMake>
      <Mass>8</Mass>
    </statBases>
  </ThingDef>

       <ThingDef ParentName="BodyPartProstheticBase">
    <defName>ArmMount</defName>
    <label>arm mount</label>
    <description>A robotic shoulder.</description>
  <costList>
      <Steel>50</Steel>
      <ComponentIndustrial>5</ComponentIndustrial>
    </costList>
    <statBases>
      <WorkToMake>10000</WorkToMake>
      <Mass>8</Mass>
    </statBases>
  </ThingDef>
  
       <ThingDef ParentName="BodyPartProstheticBase">
    <defName>MechanicalEye</defName>
    <label>mechanical eye</label>
    <description>A robotic eye sensor.</description>
  <costList>
      <Steel>30</Steel>
      <ComponentIndustrial>3</ComponentIndustrial>
    </costList>
    <statBases>
      <WorkToMake>10000</WorkToMake>
      <Mass>8</Mass>
    </statBases>
  </ThingDef>

           <ThingDef ParentName="BodyPartProstheticBase">
    <defName>WeaponMount</defName>
    <label>weapon mount</label>
    <description>A replacement weapon mount capable of holding powerful weapons.</description>
  <costList>
      <Steel>20</Steel>
      <ComponentIndustrial>2</ComponentIndustrial>
    </costList>
    <statBases>
      <WorkToMake>10000</WorkToMake>
      <Mass>8</Mass>
    </statBases>
  </ThingDef>
  
             <ThingDef ParentName="BodyPartProstheticBase">
    <defName>Clamp</defName>
    <label>clamp</label>
    <description>A simple clamp. For all clamping needs. Seriously why are you even trying to learn about clamps? Stop reading and like worry about your starving colonists. If you are still reading I hope your bonded animals die.</description>
  <costList>
      <Steel>20</Steel>
    </costList>
    <statBases>
      <WorkToMake>10000</WorkToMake>
      <Mass>8</Mass>
    </statBases>
  </ThingDef>
  
             <ThingDef ParentName="BodyPartProstheticBase">
    <defName>Pincer</defName>
    <label>pincer</label>
    <description>A replacement mechanical claw capable of holding things.</description>
  <costList>
      <Steel>20</Steel>
    </costList>
    <statBases>
      <WorkToMake>10000</WorkToMake>
      <Mass>8</Mass>
    </statBases>
  </ThingDef>
  
             <ThingDef ParentName="BodyPartProstheticBase">
    <defName>Speaker</defName>
    <label>speaker</label>
    <description>A replacement speaker.</description>
  <costList>
      <Steel>20</Steel>
    </costList>
    <statBases>
      <WorkToMake>10000</WorkToMake>
      <Mass>8</Mass>
    </statBases>
  </ThingDef>
  
               <ThingDef ParentName="BodyPartProstheticBase">
    <defName>RobotWheel</defName>
    <label>wheel</label>
    <description>A replacement wheel.</description>
  <costList>
      <Steel>20</Steel>
      <ComponentIndustrial>2</ComponentIndustrial>
    </costList>
    <statBases>
      <WorkToMake>10000</WorkToMake>
      <Mass>8</Mass>
    </statBases>
  </ThingDef>
  
  
                 <ThingDef ParentName="BodyPartProstheticBase">
    <defName>WheelStrut</defName>
    <label>wheel strut</label>
    <description>A replacement wheel strut.</description>
  <costList>
      <Steel>40</Steel>
      <ComponentIndustrial>4</ComponentIndustrial>
    </costList>
    <statBases>
      <WorkToMake>10000</WorkToMake>
      <Mass>8</Mass>
    </statBases>
  </ThingDef>
  
   <ThingDef ParentName="BodyPartProstheticBase">
    <defName>SegmentedLeg</defName>
    <label>segmented robot leg</label>
    <description>A robotic leg.</description>
  <costList>
      <Steel>40</Steel>
      <ComponentIndustrial>4</ComponentIndustrial>
    </costList>
    <statBases>
      <WorkToMake>10000</WorkToMake>
      <Mass>8</Mass>
    </statBases>
  </ThingDef>

       <ThingDef ParentName="BodyPartProstheticBase">
    <defName>LegMount</defName>
    <label>leg mount</label>
    <description>A robotic leg mount.</description>
  <costList>
      <Steel>50</Steel>
      <ComponentIndustrial>5</ComponentIndustrial>
    </costList>
    <statBases>
      <WorkToMake>10000</WorkToMake>
      <Mass>8</Mass>
    </statBases>
  </ThingDef>
  
</Defs>