<?xml version="1.0" encoding="utf-8" ?>
<Defs>

  <BodyPartDef>
    <defName>PaintJob</defName>
    <label>paint job</label>
    <hitPoints>60</hitPoints>
    <permanentInjuryChanceFactor>0</permanentInjuryChanceFactor>
    <skinCovered>false</skinCovered>
    <solid>true</solid>
    <alive>false</alive>
    <bleedRate>0</bleedRate>
  </BodyPartDef>

  <BodyPartDef>
    <defName>MiddleScreen</defName>
    <label>screen</label>
    <hitPoints>10</hitPoints>
    <permanentInjuryChanceFactor>0</permanentInjuryChanceFactor>
    <skinCovered>false</skinCovered>
    <solid>true</solid>
    <alive>false</alive>
    <bleedRate>0</bleedRate>
  </BodyPartDef>

  <BodyPartDef>
    <defName>RobotHead</defName>
    <label>chassis</label>
    <hitPoints>60</hitPoints>
    <permanentInjuryChanceFactor>0</permanentInjuryChanceFactor>
    <skinCovered>false</skinCovered>
    <solid>true</solid>
    <alive>false</alive>
    <bleedRate>0</bleedRate>
			<tags>
      <li>EatingPathway</li>
      <li>TalkingPathway</li>
			</tags>
  </BodyPartDef>
  
    <BodyPartDef>
    <defName>RoboticHead</defName>
    <label>robotic head</label>
    <hitPoints>40</hitPoints>
    <permanentInjuryChanceFactor>0</permanentInjuryChanceFactor>
    <skinCovered>false</skinCovered>
    <solid>true</solid>
    <alive>false</alive>
    <bleedRate>0</bleedRate>
			<tags>
      <li>TalkingPathway</li>
			</tags>
	<spawnThingOnRemoved>RoboticHead</spawnThingOnRemoved>
  </BodyPartDef>
  
  <BodyPartDef>
    <defName>RobotChassis</defName>
    <label>robotic chassis</label>
    <hitPoints>60</hitPoints>
    <permanentInjuryChanceFactor>0</permanentInjuryChanceFactor>
    <skinCovered>false</skinCovered>
    <solid>true</solid>
    <alive>false</alive>
    <bleedRate>0</bleedRate>
				<tags>
      <li>EatingPathway</li>
			</tags>
  </BodyPartDef>
  
  <BodyPartDef>
    <defName>Thruster</defName>
    <label>thruster</label>
    <hitPoints>40</hitPoints>
    <permanentInjuryChanceFactor>0</permanentInjuryChanceFactor>
    <skinCovered>false</skinCovered>
    <solid>true</solid>
    <alive>false</alive>
    <bleedRate>0</bleedRate>
    <tags>
      <li>MovingLimbCore</li>
    </tags>
	<spawnThingOnRemoved>Thruster</spawnThingOnRemoved>
  </BodyPartDef>
  
  
   <BodyPartDef>
    <defName>LegMountLeft</defName>
    <label>left leg mount</label>
    <hitPoints>20</hitPoints>
    <permanentInjuryChanceFactor>0</permanentInjuryChanceFactor>
    <skinCovered>false</skinCovered>
    <solid>true</solid>
    <alive>false</alive>
    <bleedRate>0</bleedRate>
    <tags>
      <li>MovingLimbCore</li>
    </tags>
	<spawnThingOnRemoved>LegMount</spawnThingOnRemoved>
  </BodyPartDef>  
  
  <BodyPartDef>
    <defName>LegMountMiddle</defName>
    <label>middle leg mount</label>
    <hitPoints>20</hitPoints>
    <permanentInjuryChanceFactor>0</permanentInjuryChanceFactor>
    <skinCovered>false</skinCovered>
    <solid>true</solid>
    <alive>false</alive>
    <bleedRate>0</bleedRate>
    <tags>
      <li>MovingLimbCore</li>
    </tags>
	<spawnThingOnRemoved>LegMount</spawnThingOnRemoved>
  </BodyPartDef>  
  
  <BodyPartDef>
    <defName>SegmentedLegLeft</defName>
    <label>left leg</label>
    <hitPoints>20</hitPoints>
    <permanentInjuryChanceFactor>0</permanentInjuryChanceFactor>
    <skinCovered>false</skinCovered>
    <solid>true</solid>
    <alive>false</alive>
    <bleedRate>0</bleedRate>
    <tags>
      <li>MovingLimbSegment</li>
    </tags>
	<spawnThingOnRemoved>SegmentedLeg</spawnThingOnRemoved>
  </BodyPartDef>
  
    <BodyPartDef>
    <defName>LegMountRight</defName>
    <label>right leg mount</label>
    <hitPoints>20</hitPoints>
    <permanentInjuryChanceFactor>0</permanentInjuryChanceFactor>
    <skinCovered>false</skinCovered>
    <solid>true</solid>
    <alive>false</alive>
    <bleedRate>0</bleedRate>
    <tags>
      <li>MovingLimbCore</li>
    </tags>
	<spawnThingOnRemoved>LegMount</spawnThingOnRemoved>
  </BodyPartDef>  

  <BodyPartDef>
    <defName>SegmentedLegRight</defName>
    <label>right leg</label>
    <hitPoints>20</hitPoints>
    <permanentInjuryChanceFactor>0</permanentInjuryChanceFactor>
    <skinCovered>false</skinCovered>
    <solid>true</solid>
    <alive>false</alive>
    <bleedRate>0</bleedRate>
    <tags>
      <li>MovingLimbSegment</li>
    </tags>
	<spawnThingOnRemoved>SegmentedLeg</spawnThingOnRemoved>
  </BodyPartDef>
  
    <BodyPartDef>
    <defName>SegmentedLegMiddle</defName>
    <label>middle leg</label>
    <hitPoints>20</hitPoints>
    <permanentInjuryChanceFactor>0</permanentInjuryChanceFactor>
    <skinCovered>false</skinCovered>
    <solid>true</solid>
    <alive>false</alive>
    <bleedRate>0</bleedRate>
    <tags>
      <li>MovingLimbSegment</li>
    </tags>
	<spawnThingOnRemoved>SegmentedLeg</spawnThingOnRemoved>
  </BodyPartDef>
  
  <BodyPartDef>
    <defName>WheelStrut</defName>
    <label>wheel strut</label>
    <hitPoints>40</hitPoints>
    <permanentInjuryChanceFactor>0</permanentInjuryChanceFactor>
    <skinCovered>false</skinCovered>
    <solid>true</solid>
    <alive>false</alive>
    <bleedRate>0</bleedRate>
    <tags>
      <li>MovingLimbCore</li>
    </tags>
	<spawnThingOnRemoved>WheelStrut</spawnThingOnRemoved>
  </BodyPartDef>

  <BodyPartDef>
    <defName>RobotWheel</defName>
    <label>wheel strut</label>
    <hitPoints>20</hitPoints>
    <permanentInjuryChanceFactor>0</permanentInjuryChanceFactor>
    <skinCovered>false</skinCovered>
    <solid>true</solid>
    <alive>false</alive>
    <bleedRate>0</bleedRate>
    <tags>
      <li>MovingLimbSegment</li>
    </tags>
	<spawnThingOnRemoved>RobotWheel</spawnThingOnRemoved>
  </BodyPartDef>
  
  <BodyPartDef>
    <defName>LeftBuzzSaw</defName>
    <label>left buzzsaw</label>
    <hitPoints>15</hitPoints>
	    <frostbiteVulnerability>2</frostbiteVulnerability>
    <permanentInjuryChanceFactor>0</permanentInjuryChanceFactor>
    <skinCovered>false</skinCovered>
    <solid>true</solid>
    <alive>false</alive>
    <bleedRate>0</bleedRate>
	<spawnThingOnRemoved>Buzzsaw</spawnThingOnRemoved>
    <tags>
      <li>ManipulationLimbDigit</li>
    </tags>
  </BodyPartDef>
  
  <BodyPartDef>
    <defName>RightBuzzSaw</defName>
    <label>right buzzsaw</label>
    <hitPoints>15</hitPoints>
	    <frostbiteVulnerability>2</frostbiteVulnerability>
    <permanentInjuryChanceFactor>0</permanentInjuryChanceFactor>
    <skinCovered>false</skinCovered>
    <solid>true</solid>
    <alive>false</alive>
    <bleedRate>0</bleedRate>
	<spawnThingOnRemoved>Buzzsaw</spawnThingOnRemoved>
    <tags>
      <li>ManipulationLimbDigit</li>
    </tags>
  </BodyPartDef>


  <BodyPartDef>
    <defName>FrontPincer</defName>
    <label>pincer</label>
    <hitPoints>7</hitPoints>
	    <frostbiteVulnerability>2</frostbiteVulnerability>
    <permanentInjuryChanceFactor>0</permanentInjuryChanceFactor>
    <skinCovered>false</skinCovered>
    <solid>true</solid>
    <alive>false</alive>
    <bleedRate>0</bleedRate>
    <tags>
      <li>ManipulationLimbDigit</li>
    </tags>
	<spawnThingOnRemoved>Pincer</spawnThingOnRemoved>
  </BodyPartDef>

  <BodyPartDef>
    <defName>RobotClaw</defName>
    <label>claw</label>
    <hitPoints>7</hitPoints>
	    <frostbiteVulnerability>2</frostbiteVulnerability>
    <permanentInjuryChanceFactor>0</permanentInjuryChanceFactor>
    <skinCovered>false</skinCovered>
    <solid>true</solid>
    <alive>false</alive>
    <bleedRate>0</bleedRate>
    <tags>
      <li>ManipulationLimbDigit</li>
    </tags>
  </BodyPartDef>
  
  
  <BodyPartDef>
    <defName>NuclearReactor</defName>
    <label>reactor</label>
    <hitPoints>20</hitPoints>
    <permanentInjuryChanceFactor>0</permanentInjuryChanceFactor>
    <skinCovered>false</skinCovered>
    <solid>true</solid>
    <alive>false</alive>
    <bleedRate>0</bleedRate>
    <tags>
			<li>BloodPumpingSource</li>
			<li>BloodFiltrationSource</li>
			<li>MetabolismSource</li>
			<li>BreathingSource</li>
    </tags>
  </BodyPartDef>


  <BodyPartDef>
    <defName>SensorPackage</defName>
    <label>sensor package</label>
    <hitPoints>20</hitPoints>
    <permanentInjuryChanceFactor>0</permanentInjuryChanceFactor>
    <skinCovered>false</skinCovered>
    <solid>true</solid>
    <alive>false</alive>
    <bleedRate>0</bleedRate>
    <tags>
      <li>HearingSource</li>
    </tags>
	<spawnThingOnRemoved>SensorPackage</spawnThingOnRemoved>
  </BodyPartDef>
  
    <BodyPartDef>
    <defName>Speaker</defName>
    <label>speaker</label>
    <hitPoints>20</hitPoints>
    <permanentInjuryChanceFactor>0</permanentInjuryChanceFactor>
    <skinCovered>false</skinCovered>
    <solid>true</solid>
    <alive>false</alive>
    <bleedRate>0</bleedRate>
			<tags>
      <li>TalkingPathway</li>
			</tags>
	<spawnThingOnRemoved>Speaker</spawnThingOnRemoved>
  </BodyPartDef>

  <BodyPartDef>
    <defName>ComputerBrain</defName>
    <label>computer brain</label>
    <hitPoints>15</hitPoints>
    <permanentInjuryChanceFactor>0</permanentInjuryChanceFactor>
    <skinCovered>false</skinCovered>
    <solid>true</solid>
    <alive>false</alive>
    <bleedRate>0</bleedRate>
    <tags>
      <li>ConsciousnessSource</li>
    </tags>
  </BodyPartDef>

  <BodyPartDef>
    <defName>EyeStalkLeft</defName>
    <label>eye stalk</label>
    <hitPoints>10</hitPoints>
	    <frostbiteVulnerability>2</frostbiteVulnerability>
    <permanentInjuryChanceFactor>0</permanentInjuryChanceFactor>
    <skinCovered>false</skinCovered>
    <solid>true</solid>
    <alive>false</alive>
    <socketed>true</socketed>
    <bleedRate>0</bleedRate>
	<spawnThingOnRemoved>EyeStalk</spawnThingOnRemoved>

  </BodyPartDef>

  <BodyPartDef>
    <defName>EyeStalkMiddle</defName>
    <label>eye stalk</label>
    <hitPoints>10</hitPoints>
	    <frostbiteVulnerability>2</frostbiteVulnerability>
    <permanentInjuryChanceFactor>0</permanentInjuryChanceFactor>
    <skinCovered>false</skinCovered>
    <solid>true</solid>
    <alive>false</alive>
    <socketed>true</socketed>
    <bleedRate>0</bleedRate>
	<spawnThingOnRemoved>EyeStalk</spawnThingOnRemoved>

  </BodyPartDef>

  <BodyPartDef>
    <defName>EyeStalkRight</defName>
    <label>eye stalk</label>
    <hitPoints>10</hitPoints>
	    <frostbiteVulnerability>2</frostbiteVulnerability>
    <permanentInjuryChanceFactor>0</permanentInjuryChanceFactor>
    <skinCovered>false</skinCovered>
    <solid>true</solid>
    <alive>false</alive>
    <socketed>true</socketed>
    <bleedRate>0</bleedRate>
	<spawnThingOnRemoved>EyeStalk</spawnThingOnRemoved>

  </BodyPartDef>




  <BodyPartDef>
    <defName>SegmentedArmLeft</defName>
    <label>arm</label>
    <hitPoints>30</hitPoints>
    <permanentInjuryChanceFactor>0</permanentInjuryChanceFactor>
    <skinCovered>false</skinCovered>
    <solid>true</solid>
    <alive>false</alive>
    <bleedRate>0</bleedRate>
    <tags>
      <li>ManipulationLimbCore</li>
    </tags>
	<spawnThingOnRemoved>SegmentedArm</spawnThingOnRemoved>

  </BodyPartDef>
  
  <BodyPartDef>
    <defName>SegmentedArmFront</defName>
    <label>arm</label>
    <hitPoints>20</hitPoints>
    <permanentInjuryChanceFactor>0</permanentInjuryChanceFactor>
    <skinCovered>false</skinCovered>
    <solid>true</solid>
    <alive>false</alive>
    <bleedRate>0</bleedRate>
    <tags>
      <li>ManipulationLimbCore</li>
    </tags>
	<spawnThingOnRemoved>SegmentedArm</spawnThingOnRemoved>

  </BodyPartDef>
  
  <BodyPartDef>
    <defName>SegmentedArmRight</defName>
    <label>arm</label>
    <hitPoints>20</hitPoints>
    <permanentInjuryChanceFactor>0</permanentInjuryChanceFactor>
    <skinCovered>false</skinCovered>
    <solid>true</solid>
    <alive>false</alive>
    <bleedRate>0</bleedRate>
    <tags>
      <li>ManipulationLimbCore</li>
    </tags>
	<spawnThingOnRemoved>SegmentedArm</spawnThingOnRemoved>

  </BodyPartDef>
  

  <BodyPartDef>
    <defName>ArmMountLeft</defName>
    <label>shoulder mount</label>
    <hitPoints>30</hitPoints>
    <permanentInjuryChanceFactor>0</permanentInjuryChanceFactor>
    <skinCovered>false</skinCovered>
    <solid>true</solid>
    <alive>false</alive>
    <bleedRate>0</bleedRate>
    <tags>
      <li>ManipulationLimbSegment</li>
    </tags>
	<spawnThingOnRemoved>ArmMount</spawnThingOnRemoved>

  </BodyPartDef>

  <BodyPartDef>
    <defName>ArmMountFront</defName>
    <label>shoulder mount</label>
    <hitPoints>30</hitPoints>
    <permanentInjuryChanceFactor>0</permanentInjuryChanceFactor>
    <skinCovered>false</skinCovered>
    <solid>true</solid>
    <alive>false</alive>
    <bleedRate>0</bleedRate>
    <tags>
      <li>ManipulationLimbSegment</li>
    </tags>
	<spawnThingOnRemoved>ArmMount</spawnThingOnRemoved>

  </BodyPartDef>
  
    <BodyPartDef>
    <defName>ArmMountRight</defName>
    <label>shoulder mount</label>
    <hitPoints>30</hitPoints>
    <permanentInjuryChanceFactor>0</permanentInjuryChanceFactor>
    <skinCovered>false</skinCovered>
    <solid>true</solid>
    <alive>false</alive>
    <bleedRate>0</bleedRate>
    <tags>
      <li>ManipulationLimbSegment</li>
    </tags>
<spawnThingOnRemoved>ArmMount</spawnThingOnRemoved>

  </BodyPartDef>

  <BodyPartDef>
    <defName>MechanicalEyeLeft</defName>
    <label>eye sensor</label>
    <hitPoints>10</hitPoints>
	    <frostbiteVulnerability>2</frostbiteVulnerability>
    <permanentInjuryChanceFactor>0</permanentInjuryChanceFactor>
    <skinCovered>false</skinCovered>
    <solid>true</solid>
    <alive>false</alive>
    <socketed>true</socketed>
    <bleedRate>0</bleedRate>
    <tags>
      <li>SightSource</li>
    </tags>
	<spawnThingOnRemoved>MechanicalEye</spawnThingOnRemoved>

  </BodyPartDef>
  
    <BodyPartDef>
    <defName>MechanicalEyeMiddle</defName>
    <label>eye sensor</label>
    <hitPoints>10</hitPoints>
	    <frostbiteVulnerability>2</frostbiteVulnerability>
    <permanentInjuryChanceFactor>0</permanentInjuryChanceFactor>
    <skinCovered>false</skinCovered>
    <solid>true</solid>
    <alive>false</alive>
    <socketed>true</socketed>
    <bleedRate>0</bleedRate>
    <tags>
      <li>SightSource</li>
    </tags>
<spawnThingOnRemoved>MechanicalEye</spawnThingOnRemoved>

  </BodyPartDef>
  
    <BodyPartDef>
    <defName>MechanicalEyeRight</defName>
    <label>eye sensor</label>
    <hitPoints>10</hitPoints>
	    <frostbiteVulnerability>2</frostbiteVulnerability>
    <permanentInjuryChanceFactor>0</permanentInjuryChanceFactor>
    <skinCovered>false</skinCovered>
    <solid>true</solid>
    <alive>false</alive>
    <socketed>true</socketed>
    <bleedRate>0</bleedRate>
    <tags>
      <li>SightSource</li>
    </tags>
	<spawnThingOnRemoved>MechanicalEye</spawnThingOnRemoved>

  </BodyPartDef>
  
    <BodyPartDef>
    <defName>WeaponMount</defName>
    <label>weapon mount</label>
    <hitPoints>15</hitPoints>
	    <frostbiteVulnerability>2</frostbiteVulnerability>
    <permanentInjuryChanceFactor>0</permanentInjuryChanceFactor>
    <skinCovered>false</skinCovered>
    <solid>true</solid>
    <alive>false</alive>
    <bleedRate>0</bleedRate>
    <tags>
      <li>ManipulationLimbDigit</li>
    </tags>
	<spawnThingOnRemoved>WeaponMount</spawnThingOnRemoved>
  </BodyPartDef>
  
    <BodyPartDef>
    <defName>MiddleWeaponMount</defName>
    <label>middle face weapon mount</label>
    <hitPoints>15</hitPoints>
	    <frostbiteVulnerability>2</frostbiteVulnerability>
    <permanentInjuryChanceFactor>0</permanentInjuryChanceFactor>
    <skinCovered>false</skinCovered>
    <solid>true</solid>
    <alive>false</alive>
    <bleedRate>0</bleedRate>
	<spawnThingOnRemoved>WeaponMount</spawnThingOnRemoved>
  </BodyPartDef>
  
    <BodyPartDef>
    <defName>RightWeaponMount</defName>
    <label>right weapon mount</label>
    <hitPoints>15</hitPoints>
	    <frostbiteVulnerability>2</frostbiteVulnerability>
    <permanentInjuryChanceFactor>0</permanentInjuryChanceFactor>
    <skinCovered>false</skinCovered>
    <solid>true</solid>
    <alive>false</alive>
    <bleedRate>0</bleedRate>
    <tags>
      <li>ManipulationLimbDigit</li>
    </tags>
	<spawnThingOnRemoved>WeaponMount</spawnThingOnRemoved>
  </BodyPartDef>
  
    <BodyPartDef>
    <defName>LeftClamp</defName>
    <label>left clamp</label>
    <hitPoints>15</hitPoints>
	    <frostbiteVulnerability>2</frostbiteVulnerability>
    <permanentInjuryChanceFactor>0</permanentInjuryChanceFactor>
    <skinCovered>false</skinCovered>
    <solid>true</solid>
    <alive>false</alive>
    <bleedRate>0</bleedRate>
    <tags>
      <li>ManipulationLimbDigit</li>
    </tags>
	<spawnThingOnRemoved>Clamp</spawnThingOnRemoved>
  </BodyPartDef>
  
    <BodyPartDef>
    <defName>RightClamp</defName>
    <label>right clamp</label>
    <hitPoints>15</hitPoints>
	    <frostbiteVulnerability>2</frostbiteVulnerability>
    <permanentInjuryChanceFactor>0</permanentInjuryChanceFactor>
    <skinCovered>false</skinCovered>
    <solid>true</solid>
    <alive>false</alive>
    <bleedRate>0</bleedRate>
    <tags>
      <li>ManipulationLimbDigit</li>
    </tags>
	<spawnThingOnRemoved>Clamp</spawnThingOnRemoved>
  </BodyPartDef>
</Defs>
