<?xml version="1.0" encoding="utf-8" ?>
<Defs>


<!-- add my tribal aim -->

   <PawnKindDef>
    <defName>Robot_Mister_Gutsy_Pawn</defName>
    <label>Mister Gutsy</label>	
    <race>MisterGutsy</race>
	<combatPower>65</combatPower>
    <apparelIgnoreSeasons>true</apparelIgnoreSeasons>
    <forceNormalGearQuality>true</forceNormalGearQuality>
    <backstoryCategories>
	  <li>GutsyCat</li>
    </backstoryCategories>
    <chemicalAddictionChance>0.00</chemicalAddictionChance>
    <apparelTags>
      <li>Neolithic</li>
    </apparelTags>
    <apparelMoney>
      <min>0</min>
      <max>0</max>
    </apparelMoney>
    <backstoryCryptosleepCommonality>0</backstoryCryptosleepCommonality>
    <techHediffsMoney>
      <min>0</min>
      <max>10</max>
    </techHediffsMoney>
    <techHediffsTags>
      <li>Poor</li>
    </techHediffsTags>
    <techHediffsChance>0.00</techHediffsChance>
	
	<minGenerationAge>1</minGenerationAge>
    <maxGenerationAge>200</maxGenerationAge>
	
	</PawnKindDef>
  
<PawnKindDef Abstract="True" Name="MisterGutsyPlayerBase">
    <race>MisterGutsy</race>
    <combatPower>45</combatPower>
    <isFighter>false</isFighter>
    <apparelIgnoreSeasons>true</apparelIgnoreSeasons>
    <forceNormalGearQuality>true</forceNormalGearQuality>
</PawnKindDef>

<!-- Colonist -->


<PawnKindDef ParentName="MisterGutsyPlayerBase">
    <defName>Robot_Mister_Gutsy_Colonist</defName>
    <label>Mister Gutsy</label>
    <defaultFactionType>PlayerColony</defaultFactionType>
  <backstoryCategories>
	  <li>GutsyCat</li>
  </backstoryCategories>
    <chemicalAddictionChance>0.00</chemicalAddictionChance>
    <apparelTags>
      <li>IndustrialBasic</li>
    </apparelTags>
    <apparelAllowHeadgearChance>0</apparelAllowHeadgearChance>
    <apparelMoney>
      <min>0</min>
      <max>0</max>
    </apparelMoney>
    <backstoryCryptosleepCommonality>1</backstoryCryptosleepCommonality>
    <techHediffsChance>0.0</techHediffsChance>
    <techHediffsMoney>
      <min>0</min>
      <max>0</max>
    </techHediffsMoney>
    <techHediffsTags>
      <li>Poor</li>
      <li>Simple</li>
    </techHediffsTags>
	<minGenerationAge>2</minGenerationAge>
    <maxGenerationAge>300</maxGenerationAge>
		
</PawnKindDef>

<PawnKindDef ParentName="MisterGutsyPlayerBase">
    <defName>Robot_Mister_Gutsy_Pawns</defName>
    <label>Mister Gutsy</label>
    <defaultFactionType>Ancients</defaultFactionType>
  <backstoryCategories>
	  <li>GutsyCat</li>
  </backstoryCategories>
    <chemicalAddictionChance>0.00</chemicalAddictionChance>
    <apparelTags>
      <li>IndustrialBasic</li>
    </apparelTags>
    <apparelAllowHeadgearChance>0</apparelAllowHeadgearChance>
    <apparelMoney>
      <min>0</min>
      <max>0</max>
    </apparelMoney>
    <backstoryCryptosleepCommonality>1</backstoryCryptosleepCommonality>
    <techHediffsChance>0.0</techHediffsChance>
    <techHediffsMoney>
      <min>0</min>
      <max>0</max>
    </techHediffsMoney>
    <techHediffsTags>
      <li>Poor</li>
      <li>Simple</li>
    </techHediffsTags>
	<minGenerationAge>2</minGenerationAge>
    <maxGenerationAge>300</maxGenerationAge>
</PawnKindDef>
</Defs>