<?xml version="1.0" encoding="utf-8" ?>
<Defs>

<AlienRace.BackstoryDef>
    <defName>MrHandyDefaultChild</defName>
    <title>Mister Handy Unit</title>
	<titleShort>Mister Handy</titleShort>
    <baseDescription>[PAWN_nameDef] was created to serve as a robo-butler.</baseDescription>
	<slot>Childhood</slot>
    <skillGains>
	  <li>
        <defName>Shooting</defName>
        <amount>1</amount>
      </li>
      <li>
        <defName>Melee</defName>
        <amount>1</amount>
      </li>
      <li>
        <defName>Construction</defName>
        <amount>1</amount>	  
      </li>
	  <li>
        <defName>Cooking</defName>
        <amount>1</amount>	  
      </li>
	  <li>
        <defName>Plants</defName>
        <amount>1</amount>	  
      </li>
	  <li>
        <defName>Animals</defName>
        <amount>1</amount>	  
      </li>
	  <li>
        <defName>Crafting</defName>
        <amount>1</amount>	  
      </li>

	  <li>
        <defName>Medicine</defName>
        <amount>1</amount>	  
      </li>
	  <li>
        <defName>Social</defName>
        <amount>1</amount>	  
      </li>

       </skillGains>
	<bioAgeRange>
        <min>2</min>
        <max>200</max>
    </bioAgeRange>
    <chronoAgeRange>
        <min>0</min>
        <max>300</max>
    </chronoAgeRange>
	   
	<spawnCategories>
	  <li>MrHandyCat</li>
    </spawnCategories>
			
	<workDisables>
		<li>Hauling</li>
		<li>Mining</li>		
		<li>Intellectual</li>
		<li>Artistic</li>

    </workDisables>
		<forcedHediffs>
			<li>MountedFlamethrower</li>
		</forcedHediffs>


</AlienRace.BackstoryDef>

<AlienRace.BackstoryDef>
    <defName>MrHandyDefaultAdult</defName>
    <title>Mister Handy Unit</title>
	<titleShort>Mister Handy</titleShort>
    <baseDescription>[PAWN_nameDef] was created to serve as a robo-butler.</baseDescription>
	<slot>Adulthood</slot>
	    <bodyTypeGlobal>Male</bodyTypeGlobal>

	<bioAgeRange>
        <min>2</min>
        <max>200</max>
    </bioAgeRange>
    <chronoAgeRange>
        <min>0</min>
        <max>300</max>
    </chronoAgeRange>
	   
	<spawnCategories>
	  <li>MrHandyCat</li>
    </spawnCategories>
			
	<workDisables>
		<li>Hauling</li>
		<li>Mining</li>
    </workDisables>
	


	  
	  

</AlienRace.BackstoryDef>
</Defs>