﻿<?xml version="1.0" encoding="utf-8" ?>
<Defs>

  <HediffGiverSetDef>
    <defName>RobotX</defName>
    <hediffGivers>
      
      <!-- Environmental -->
      <li Class="HediffGiver_Bleeding">
        <hediff>BloodLoss</hediff>
      </li>
      <li Class="HediffGiver_Hypothermia">
        <hediff>Hypothermia</hediff>
      </li>
      <li Class="HediffGiver_Heat">
        <hediff>Heatstroke</hediff>
      </li>


        <!-- Did not work for some reason -->

    <!--li Class="HediffGiver_Birthday">
    <hediff>RobotPain</hediff>
    <partsToAffect>
        <li>ComputerBrain</li>
    </partsToAffect>
    <ageFractionChanceCurve>
        <points>
            <li>(0, 0.01)</li>
            <li>(0.0001, 0.65)</li>
            <li>(30, 1)</li>
        </points>
    </ageFractionChanceCurve>
    <averageSeverityPerDayBeforeGeneration>0.00025</averageSeverityPerDayBeforeGeneration>
</li-->
    <li Class="HediffGiver_Birthday">
    <hediff>RobotRest</hediff>
    <partsToAffect>
        <li>ComputerBrain</li>
    </partsToAffect>
    <ageFractionChanceCurve>
        <points>
            <li>(0, 0.01)</li>
            <li>(0.0001, 0.65)</li>
            <li>(30, 1.8)</li>
        </points>
    </ageFractionChanceCurve>
    <averageSeverityPerDayBeforeGeneration>0.00025</averageSeverityPerDayBeforeGeneration>
</li>
    </hediffGivers>
  </HediffGiverSetDef>
  
  
</Defs>
