<?xml version="1.0" encoding="utf-8" ?>
<Defs>
	<TraitDef>
		<defName>SimpleMindedRobot</defName>
		<commonality>0.001</commonality>
		<degreeDatas>
			<li>
				<label>Simple minded</label>
				<description>Robots do not understand emotions on a logical level.</description>
			</li>
		</degreeDatas>
	</TraitDef>

	<ThoughtDef>
		<defName>MoodOffsetSimpleMindedRobot</defName>
		<workerClass>ThoughtWorker_AlwaysActive</workerClass>
		<validWhileDespawned>true</validWhileDespawned>
		<requiredTraits>
			<li>SimpleMindedRobot</li>
		</requiredTraits>
		<stages>
			<li>
				<label>Simple mind</label>
				<description>I do not understand these things called 'emotions'.</description>
				<baseMoodEffect>200</baseMoodEffect>
			</li>
		</stages>
	</ThoughtDef>

  
</Defs>
