<?xml version="1.0" encoding="utf-8" ?>
<Defs>

	<ThingDef ParentName="BodyPartProstheticBase">
		<defName>MountedFlamethrower</defName>
		<label>mounted flamethrower</label>
		<description>A weapon capable of shooting flames.</description>
		<techLevel>Spacer</techLevel>
		<costList>
			<Steel>40</Steel>
			<ComponentIndustrial>3</ComponentIndustrial>
		</costList>
		<statBases>
		  <WorkToMake>1000</WorkToMake>
		  <Mass>5</Mass>
		</statBases>
		<techHediffsTags>
		  <li>AdvancedWeapon</li>
		</techHediffsTags>
	</ThingDef>
	
  	<ThingDef ParentName="BodyPartProstheticBase">
		<defName>MountedMissileLauncher</defName>
		<label>mounted missile launcher</label>
		<description>A single-use rocket launcher that fires a cluster of three large-bore explosive rockets.</description>
		<techLevel>Spacer</techLevel>
		<costList>
			<Steel>80</Steel>
			<ComponentSpacer>4</ComponentSpacer>
		</costList>
		<statBases>
		  <WorkToMake>1000</WorkToMake>
		  <Mass>5</Mass>
		</statBases>
		<techHediffsTags>
		  <li>AdvancedWeapon</li>
		</techHediffsTags>
	</ThingDef>
  
	<ThingDef ParentName="BodyPartProstheticBase">
		<defName>MountedPlasmaRifle</defName>
		<label>mounted plasma rifle</label>
		<description>A weapon capable of shooting burning plasma bolts.</description>
		<techLevel>Spacer</techLevel>
		<costList>
			<Steel>40</Steel>
			<ComponentIndustrial>3</ComponentIndustrial>
		</costList>
		<statBases>
		  <WorkToMake>1000</WorkToMake>
		  <Mass>5</Mass>
		</statBases>
		<techHediffsTags>
		  <li>AdvancedWeapon</li>
		</techHediffsTags>
	</ThingDef>
	
	<ThingDef ParentName="BodyPartProstheticBase">
		<defName>MountedMachineGun</defName>
		<label>mounted machine gun</label>
		<description>A weapon capable of devistating enemies at short range.</description>
		<techLevel>Spacer</techLevel>
		<costList>
			<Steel>40</Steel>
			<ComponentIndustrial>3</ComponentIndustrial>
		</costList>
		<statBases>
		  <WorkToMake>1000</WorkToMake>
		  <Mass>5</Mass>
		</statBases>
		<techHediffsTags>
		  <li>AdvancedWeapon</li>
		</techHediffsTags>
	</ThingDef>
	
	<ThingDef ParentName="BodyPartProstheticBase">
		<defName>MountedMiniGun</defName>
		<label>mounted mini gun</label>
		<description>A weapon capable of devistating enemies at medium range.</description>
		<techLevel>Spacer</techLevel>
		<costList>
			<Steel>40</Steel>
			<ComponentIndustrial>3</ComponentIndustrial>
		</costList>
		<statBases>
		  <WorkToMake>1000</WorkToMake>
		  <Mass>5</Mass>
		</statBases>
		<techHediffsTags>
		  <li>AdvancedWeapon</li>
		</techHediffsTags>
	</ThingDef>	
	
			<ThingDef ParentName="BodyPartProstheticBase">
		<defName>MountedMachineGun</defName>
		<label>mounted machine gun</label>
		<description>A weapon capable of devistating enemies at short range.</description>
		<techLevel>Spacer</techLevel>
		<costList>
			<Steel>40</Steel>
			<ComponentIndustrial>3</ComponentIndustrial>
		</costList>
		<statBases>
		  <WorkToMake>1000</WorkToMake>
		  <Mass>5</Mass>
		</statBases>
		<techHediffsTags>
		  <li>AdvancedWeapon</li>
		</techHediffsTags>
	</ThingDef>
	
		
			<ThingDef ParentName="BodyPartProstheticBase">
		<defName>MountedGatlingLaser</defName>
		<label>mounted gatling laser</label>
		<description>A weapon capable of devistating enemies at from afar.</description>
		<techLevel>Spacer</techLevel>
		<costList>
			<Steel>40</Steel>
			<ComponentIndustrial>3</ComponentIndustrial>
		</costList>
		<statBases>
		  <WorkToMake>1000</WorkToMake>
		  <Mass>5</Mass>
		</statBases>
		<techHediffsTags>
		  <li>AdvancedWeapon</li>
		</techHediffsTags>
	</ThingDef>
	
		<ThingDef ParentName="BodyPartProstheticBase">
		<defName>WeakLaser</defName>
		<label>weak laser</label>
		<description>A weak laser weapon.</description>
		<techLevel>Spacer</techLevel>
		<costList>
			<Steel>40</Steel>
			<ComponentIndustrial>3</ComponentIndustrial>
		</costList>
		<statBases>
		  <WorkToMake>1000</WorkToMake>
		  <Mass>5</Mass>
		</statBases>
		<techHediffsTags>
		  <li>AdvancedWeapon</li>
		</techHediffsTags>
	</ThingDef>	

	<!--ThingDef ParentName="BodyPartProstheticBase">
		<defName>CoolBlue</defName>
		<label>a cool blue spraypaint</label>
		<description>An awesome spraypaint.</description>
		<techLevel>Spacer</techLevel>
		<costList>
			<Steel>40</Steel>
			<ComponentIndustrial>3</ComponentIndustrial>
		</costList>
		<statBases>
		  <WorkToMake>1000</WorkToMake>
		  <Mass>5</Mass>
		</statBases>
		<techHediffsTags>
		  <li>AdvancedWeapon</li>
		</techHediffsTags>
	</ThingDef-->
	
 </Defs>