<?xml version="1.0" encoding="utf-8" ?>
<Defs>
  <AlienRace.RaceSettings>
    <defName>ScrapBot_RaceSettings</defName>
    <pawnKindSettings>
      <startingColonists>
        <li>
          <pawnKindEntries>
            <li>
              <kindDefs>
                <li>Robot_ScrapBot_Colonist</li>
              </kindDefs>
              <chance>5.0</chance>
            </li>
          </pawnKindEntries>
          <factionDefs>
            <li>PlayerColony</li>
          </factionDefs>
        </li>
      </startingColonists>
    </pawnKindSettings>
  </AlienRace.RaceSettings>
</Defs>