<?xml version="1.0" encoding="utf-8" ?>
<Defs>
  <AlienRace.RaceSettings>
    <defName>Gutsy_RaceSettings</defName>
    <pawnKindSettings>
      <startingColonists>
        <li>
          <pawnKindEntries>
            <li>
              <kindDefs>
                <li>Robot_Gutsy_Colonist</li>
              </kindDefs>
              <chance>10.0</chance>
            </li>
          </pawnKindEntries>
          <factionDefs>
            <li>PlayerColony</li>
          </factionDefs>
        </li>
      </startingColonists>
	  			<alienwandererkinds>
				<li>
				<pawnKindEntries>
					<li>
					<kindDefs>
						<li>Robot_Gutsy_Colonist</li>
					</kindDefs>
					<chance>5.0</chance>
					</li>
				</pawnKindEntries>
                <factionDefs>
					<li>PlayerColony</li>
				</factionDefs>
				</li>
			</alienwandererkinds>
    </pawnKindSettings>
  </AlienRace.RaceSettings>
</Defs>