<?xml version="1.0" encoding="utf-8" ?>
<Defs>

<AlienRace.ThingDef_AlienRace ParentName="BasePawn">
    <defName>MrHandy</defName>
    <label>Mister Handy</label>
    <description>The first Mister Handy was introduced to the robotics market in 2037 by General Atomics International, as a general purpose construction and maintenance unit. Used widely on both the American and Mexican markets (especially after the Mexico City earthquake of 2042), it was a rugged, reliable design. So reliable, in fact, that it only received one major hardware update in 2039, to eliminate a bug causing interference in the operation of the multiple arms. The Calpower 238B nuclear power unit and self-maintenance modes were key to its success, ensuring each robot's longevity. To minimize maintenance overhead, each Mr. Handy was designed to perform its own nuclear fuel replacement and radiation cleansing, as well as carry out maintenance and repairs on other units (it was not possible for it to carry it out on itself).</description>
	<alienRace>
	  <generalSettings>
		<maleGenderProbability>1.0</maleGenderProbability>
		<useOnlyPawnkindBackstories>true</useOnlyPawnkindBackstories>
        <humanRecipeImport>false</humanRecipeImport>
	    <allowHumanBios>false</allowHumanBios>
		<immuneToAge>true</immuneToAge>

            <forcedRaceTraitEntries>
				<li>
                    <defName>SimpleMindedRobot</defName>
                    <chance>100</chance>
                </li>
                <li>
                    <defName>Kind</defName>
                    <chance>100</chance>
                </li>
                <li>
                    <defName>Undergrounder</defName>
                    <chance>100</chance>
                </li>
				
            </forcedRaceTraitEntries>
							<disallowedTraits>
					<li>DrugDesire</li>
					<li>AnnoyingVoice</li>
					<li>CreepyBreathing</li>
					<li>Pyromaniac</li>
					<li>Wimp</li>
					<li>Masochist</li>
					<li>NightOwl</li>
					<li>Jealous</li>
					<li>Nudist</li>
					<li>Transhumanist</li>
					<li>BodyPurist</li>
					<li>SuperImmune</li>
					<li>Beautiful</li>
					<li>Tough</li>
				</disallowedTraits>
				<notXenophobistTowards>
					<li>Human</li>
				</notXenophobistTowards>
			<alienPartGenerator>
			<aliencrowntypes>
                <li>Average_Normal</li>
                </aliencrowntypes>
				<alienbodytypes>
      <li>Male</li>
				</alienbodytypes>
				<useGenderedHeads>false</useGenderedHeads>
				<useGenderedBodies>false</useGenderedBodies>
        <customDrawSize>(1, 1)</customDrawSize>
        <customHeadDrawSize>(1, 1)</customHeadDrawSize>
        <customPortraitDrawSize>(1, 1)</customPortraitDrawSize>
        <customPortraitHeadDrawSize>(1, 1)</customPortraitHeadDrawSize>




        <headOffset>(0, 0)</headOffset>
		<bodyAddons>

			
            <li>
              <drawSize>1</drawSize>
              <path>Things/Head</path>
              <bodyPart>RobotHead</bodyPart>
              <inFrontOfBody>false</inFrontOfBody>
              <useSkinColor>true</useSkinColor>
              <layerOffset>0.02</layerOffset>
              <offsets>
                <south>
                  <bodyTypes>
                    <Male>(-0.415, 0.66)</Male>
                  </bodyTypes>
                </south>
                <north>
                  <bodyTypes>
                    <Male>(0, 1)</Male>
                  </bodyTypes>
                </north>
                <east>
                  <bodyTypes>
                    <Male>(-0.455, 0.66)</Male>
                  </bodyTypes>
                  <crownTypes>
                    <Average_Normal>(0, 0)</Average_Normal>
                  </crownTypes>
                </east>
              </offsets>
            </li>
											<li>
              <drawSize>1</drawSize>
              <path>Things/RobotEyeMiddle</path>
              <bodyPart>MechanicalEyeMiddle</bodyPart>
              <inFrontOfBody>true</inFrontOfBody>
              <useSkinColor>true</useSkinColor>
              <layerOffset>0</layerOffset>
              <offsets>
                <south>
                  <bodyTypes>
                    <Male>(-0.42, 0.85)</Male>
                  </bodyTypes>
                </south>
                <north>
                  <bodyTypes>
                    <Male>(0, 1.2)</Male>
                  </bodyTypes>
                </north>
                <east>
                  <bodyTypes>
                    <Male>(-0.825, 0.9)</Male>
                  </bodyTypes>
                </east>
				<west>
                  <bodyTypes>
                    <Male>(-0.825, 0.9)</Male>
                  </bodyTypes>
                </west>
              </offsets>
            </li>
								<li>
              <drawSize>1</drawSize>
              <path>Things/EyeStalkMiddle</path>
              <bodyPart>EyeStalkMiddle</bodyPart>
              <inFrontOfBody>true</inFrontOfBody>
              <useSkinColor>true</useSkinColor>
              <layerOffset>0</layerOffset>
              <offsets>
                <south>
                  <bodyTypes>
                    <Male>(-0.42, 0.65)</Male>
                  </bodyTypes>
                </south>
                <north>
                  <bodyTypes>
                    <Male>(0, 0)</Male>
                  </bodyTypes>
                </north>
                <east>
                  <bodyTypes>
                    <Male>(-0.79, 0.70)</Male>
                  </bodyTypes>
                </east>
				<west>
                  <bodyTypes>
                    <Male>(-0.79, 0.70)</Male>
                  </bodyTypes>
                </west>
              </offsets>
            </li>
			
			<li>
              <drawSize>1</drawSize>
              <path>Things/RobotEyeRight</path>
              <bodyPart>MechanicalEyeRight</bodyPart>
              <inFrontOfBody>true</inFrontOfBody>
              <useSkinColor>true</useSkinColor>
              <layerOffset>0</layerOffset>
              <offsets>
                <south>
                  <bodyTypes>
                    <Male>(-0.08, 0.90)</Male>
                  </bodyTypes>
                </south>
                <north>
                  <bodyTypes>
                    <Male>(-0.34, 1.2)</Male>
                  </bodyTypes>
                </north>
                <east>
                  <bodyTypes>
                    <Male>(-0.79, 0.90)</Male>
                  </bodyTypes>
                </east>
				<west>
                  <bodyTypes>
                    <Male>(-0.45, 0.8)</Male>
                  </bodyTypes>
                </west>
              </offsets>
            </li>

			<li>
              <drawSize>1</drawSize>
              <path>Things/EyeStalkRight</path>
              <bodyPart>EyeStalkRight</bodyPart>
              <inFrontOfBody>true</inFrontOfBody>
              <useSkinColor>true</useSkinColor>
              <layerOffset>0</layerOffset>
              <offsets>
                <south>
                  <bodyTypes>
                    <Male>(-0.08, 0.70)</Male>
                  </bodyTypes>
                </south>
                <north>
                  <bodyTypes>
                    <Male>(-0.34, 1)</Male>
                  </bodyTypes>
                </north>
                <east>
                  <bodyTypes>
                    <Male>(-0.79, 0.70)</Male>
                  </bodyTypes>
                </east>
				<west>
                  <bodyTypes>
                    <Male>(-0.45, 0.65)</Male>
                  </bodyTypes>
                </west>
              </offsets>
            </li>

			<li>
              <drawSize>1</drawSize>
              <path>Things/RobotEyeLeft</path>
              <bodyPart>MechanicalEyeLeft</bodyPart>
              <inFrontOfBody>true</inFrontOfBody>
              <useSkinColor>true</useSkinColor>
              <layerOffset>0</layerOffset>
              <offsets>
                <south>
                  <bodyTypes>
                    <Male>(-0.75, 0.90)</Male>
                  </bodyTypes>
                </south>
                <north>
                  <bodyTypes>
                    <Male>(0.325, 1.2)</Male>
                  </bodyTypes>
                </north>
                <east>
                  <bodyTypes>
                    <Male>(-0.45, 0.80)</Male>
                  </bodyTypes>
                </east>
				<west>
                  <bodyTypes>
                    <Male>(-0.45, 0.8)</Male>
                  </bodyTypes>
                </west>
              </offsets>
            </li>


			<li>
              <drawSize>1</drawSize>
              <path>Things/EyeStalkLeft</path>
              <bodyPart>EyeStalkLeft</bodyPart>
              <inFrontOfBody>true</inFrontOfBody>
              <useSkinColor>true</useSkinColor>
              <layerOffset>0</layerOffset>
              <offsets>
                <south>
                  <bodyTypes>
                    <Male>(-0.75, 0.70)</Male>
                  </bodyTypes>
                </south>
                <north>
                  <bodyTypes>
                    <Male>(0.325, 1)</Male>
                  </bodyTypes>
                </north>
                <east>
                  <bodyTypes>
                    <Male>(-0.45, 0.65)</Male>
                  </bodyTypes>
                </east>
				<west>
                  <bodyTypes>
                    <Male>(-0.45, 0.65)</Male>
                  </bodyTypes>
                </west>
              </offsets>
            </li>

			    <li>
              <drawSize>1</drawSize>
              <path>Things/Thruster</path>
              <bodyPart>Thruster</bodyPart>
              <inFrontOfBody>false</inFrontOfBody>
              <useSkinColor>true</useSkinColor>
              <layerOffset>0</layerOffset>
			  <drawnInBed>false</drawnInBed>
              <offsets>
                <south>
                  <bodyTypes>
                    <Male>(-0.419, 0.21)</Male>
                  </bodyTypes>
                </south>
                <north>
                  <bodyTypes>
                    <Male>(0.005, 0.55)</Male>
                  </bodyTypes>
                </north>
                <east>
                  <bodyTypes>
                    <Male>(-0.419, 0.21)</Male>
                  </bodyTypes>
                </east>
              </offsets>
            </li>
			    <li>
              <drawSize>1</drawSize>
              <path>Things/Arm_Mount_Middle</path>
              <bodyPart>ArmMountFront</bodyPart>
              <inFrontOfBody>false</inFrontOfBody>
              <useSkinColor>true</useSkinColor>
              <layerOffset>0</layerOffset>
			  <drawnInBed>false</drawnInBed>
              <offsets>
                <south>
                  <bodyTypes>
                    <Male>(-0.42, 0.07)</Male>
                  </bodyTypes>
                </south>
                <north>
                  <bodyTypes>
                    <Male>(0.005, 0.55)</Male>
                  </bodyTypes>
                </north>
                <east>
                  <bodyTypes>
                    <Male>(-0.62, 0.245)</Male>
                  </bodyTypes>
                </east>
				<west>
                  <bodyTypes>
                    <Male>(-0.62, 0.245)</Male>
                  </bodyTypes>
                </west>
              </offsets>
            </li>
			
			<li>
              <drawSize>1</drawSize>
              <path>Things/Arm_Mount_Right</path>
              <bodyPart>ArmMountRight</bodyPart>
              <inFrontOfBody>false</inFrontOfBody>
              <useSkinColor>true</useSkinColor>
              <layerOffset>0</layerOffset>
			  <drawnInBed>false</drawnInBed>
              <offsets>
                <south>
                  <bodyTypes>
                    <Male>(-0.235, 0.245)</Male>
                  </bodyTypes>
                </south>
                <north>
                  <bodyTypes>
                    <Male>(-0.175, 0.544)</Male>
                  </bodyTypes>
                </north>
                <east>
                  <bodyTypes>
                    <Male>(-0.42, 0.07)</Male>
                  </bodyTypes>
                </east>
				<west>
                  <bodyTypes>
                    <Male>(-0.42, 0.07)</Male>
                  </bodyTypes>
                </west>
              </offsets>
            </li>
			<li>
              <drawSize>1</drawSize>
              <path>Things/Arm_Mount_Left</path>
              <bodyPart>ArmMountLeft</bodyPart>
              <inFrontOfBody>false</inFrontOfBody>
              <useSkinColor>true</useSkinColor>
              <layerOffset>0</layerOffset>
			  <drawnInBed>false</drawnInBed>
              <offsets>
                <south>
                  <bodyTypes>
                    <Male>(-0.62, 0.245)</Male>
                  </bodyTypes>
                </south>
                <north>
                  <bodyTypes>
                    <Male>(0.18, 0.544)</Male>
                  </bodyTypes>
                </north>
                <east>
                  <bodyTypes>
                    <Male>(-0.42, 0.07)</Male>
                  </bodyTypes>
                </east>
				<west>
                  <bodyTypes>
                    <Male>(-0.42, 0.07)</Male>
                  </bodyTypes>
                </west>
              </offsets>
            </li>
			
			<li>
              <drawSize>1</drawSize>
              <path>Things/Segmented_Arm_Middle</path>
              <bodyPart>SegmentedArmFront</bodyPart>
              <inFrontOfBody>true</inFrontOfBody>
              <useSkinColor>true</useSkinColor>
              <layerOffset>0</layerOffset>
			  <drawnInBed>false</drawnInBed>
              <offsets>
                <south>
                  <bodyTypes>
                    <Male>(-0.4405, 0.22)</Male>
                  </bodyTypes>
                </south>
                <north>
                  <bodyTypes>
                    <Male>(0.005, 0.55)</Male>
                  </bodyTypes>
                </north>
                <east>
                  <bodyTypes>
                    <Male>(-0.68, 0)</Male>
                  </bodyTypes>
                </east>
				<west>
                  <bodyTypes>
                    <Male>(-0.682, 0)</Male>
                  </bodyTypes>
                </west>
              </offsets>
            </li>
			
			<li>
              <drawSize>1</drawSize>
              <path>Things/Segmented_Arm_Right</path>
              <bodyPart>SegmentedArmRight</bodyPart>
              <inFrontOfBody>true</inFrontOfBody>
              <useSkinColor>true</useSkinColor>
              <layerOffset>0</layerOffset>
			  <drawnInBed>false</drawnInBed>
              <offsets>
                <south>
                  <bodyTypes>
                    <Male>(-0.18, 0)</Male>
                  </bodyTypes>
                </south>
                <north>
                  <bodyTypes>
                    <Male>(-0.23, 0.3)</Male>
                  </bodyTypes>
                </north>
                <east>
                  <bodyTypes>
                    <Male>(-0.395, 0.22)</Male>
                  </bodyTypes>
                </east>
				<west>
                  <bodyTypes>
                    <Male>(-0.4405, 0.22)</Male>
                  </bodyTypes>
                </west>
              </offsets>
            </li>
			
						<li>
              <drawSize>1</drawSize>
              <path>Things/Segmented_Arm_Left</path>
              <bodyPart>SegmentedArmLeft</bodyPart>
              <inFrontOfBody>true</inFrontOfBody>
              <useSkinColor>true</useSkinColor>
              <layerOffset>0</layerOffset>
			  <drawnInBed>false</drawnInBed>
              <offsets>
                <south>
                  <bodyTypes>
                    <Male>(-0.66, 0)</Male>
                  </bodyTypes>
                </south>
                <north>
                  <bodyTypes>
                    <Male>(0.24, 0.3)</Male>
                  </bodyTypes>
                </north>
                <east>
                  <bodyTypes>
                    <Male>(-0.395, 0.22)</Male>
                  </bodyTypes>
                </east>
				<west>
                  <bodyTypes>
                    <Male>(-0.4405, 0.22)</Male>
                  </bodyTypes>
                </west>
              </offsets>
            </li>

			<li>
              <drawSize>1</drawSize>
              <path>Things/Pincer</path>
              <bodyPart>FrontPincer</bodyPart>
              <inFrontOfBody>true</inFrontOfBody>
              <useSkinColor>true</useSkinColor>
              <layerOffset>0</layerOffset>
			  <drawnInBed>false</drawnInBed>
              <offsets>
                <south>
                  <bodyTypes>
                    <Male>(-0.418, -0.3)</Male>
                  </bodyTypes>
                </south>
                <north>
                  <bodyTypes>
                    <Male>(0, 0)</Male>
                  </bodyTypes>
                </north>
                <east>
                  <bodyTypes>
                    <Male>(-0.76, 0.126)</Male>
                  </bodyTypes>
                </east>
				<west>
                  <bodyTypes>
                    <Male>(-0.76, 0.126)</Male>
                  </bodyTypes>
                </west>
              </offsets>
            </li>
			
						<li>
              <drawSize>1</drawSize>
              <path>Things/Weapon</path>
              <bodyPart>WeaponMount</bodyPart>
              <inFrontOfBody>true</inFrontOfBody>
              <useSkinColor>true</useSkinColor>
              <layerOffset>0</layerOffset>
			  <drawnInBed>false</drawnInBed>
              <offsets>
                <south>
                  <bodyTypes>
                    <Male>(-0.775, 0.14)</Male>
                  </bodyTypes>
                </south>
                <north>
                  <bodyTypes>
                    <Male>(0.34, 0.46)</Male>
                  </bodyTypes>
                </north>
                <east>
                  <bodyTypes>
                    <Male>(-0.418, -0.28)</Male>
                  </bodyTypes>
                </east>
				<west>
                  <bodyTypes>
                    <Male>(-0.74, 0.131)</Male>
                  </bodyTypes>
                </west>
              </offsets>
            </li>
			
						<li>
              <drawSize>1</drawSize>
              <path>Things/Buzzsaw</path>
              <bodyPart>RightBuzzSaw</bodyPart>
              <inFrontOfBody>true</inFrontOfBody>
              <useSkinColor>true</useSkinColor>
              <layerOffset>0</layerOffset>
			  <drawnInBed>false</drawnInBed>
              <offsets>
                <south>
                  <bodyTypes>
                    <Male>(-0.4, 0.25)</Male>
                  </bodyTypes>
                </south>
                <north>
                  <bodyTypes>
                    <Male>(-0.01, 0.565)</Male>
                  </bodyTypes>
                </north>
                <east>
                  <bodyTypes>
                    <Male>(-0.418, -0.28)</Male>
                  </bodyTypes>
                </east>
				<west>
                  <bodyTypes>
                    <Male>(-0.418, -0.28)</Male>
                  </bodyTypes>
                </west>
              </offsets>
            </li>
			


          </bodyAddons>
		
            <alienskincolorgen Class="ColorGenerator_Options">
                <options>
                    <li>
                        <weight>1</weight>
                        <only>RGBA(1,1,1,1)</only>
                    </li>


                </options>
            </alienskincolorgen>
			</alienPartGenerator>
		<canLayDown>true</canLayDown>
		
		
            <chemicalSettings>
                <li>
                    <chemical>Smokeleaf</chemical>
                    <ingestible>false</ingestible>

                </li>
                <li>
                    <chemical>Luciferium</chemical>
                    <ingestible>false</ingestible>
                </li>
				<li>
                    <chemical>Flake</chemical>
                    <ingestible>false</ingestible>
				</li>
	
				<li>
					<chemical>Ambrosia</chemical>
                    <ingestible>false</ingestible>

                </li>
                <li>
                    <chemical>GoJuice</chemical>
                    <ingestible>false</ingestible>
                </li>
				<li>
                    <chemical>Yayo</chemical>
                    <ingestible>false</ingestible>
                </li>
				<li>
                    <chemical>Psychite</chemical>
                    <ingestible>false</ingestible>
                </li>
				<li>
                    <chemical>WakeUp</chemical>
                    <ingestible>false</ingestible>
                </li>				
            </chemicalSettings>
			
			
	  </generalSettings>
		<graphicPaths>
			<li>
				<body>MrHandy/Body/</body>
				<head>MrHandy/Head/</head>

			</li>

		</graphicPaths>
        <hairSettings>
            <hasHair>false</hasHair>
        </hairSettings>
	  

	    <relationSettings>
            <relationChanceModifierLover>0</relationChanceModifierLover>
            <relationChanceModifierExLover>0</relationChanceModifierExLover>
            <relationChanceModifierFiance>0</relationChanceModifierFiance>
            <relationChanceModifierSpouse>0</relationChanceModifierSpouse>
            <relationChanceModifierExSpouse>0</relationChanceModifierExSpouse>
            <relationChanceModifierParent>0</relationChanceModifierParent>
            <relationChanceModifierChild>0</relationChanceModifierChild>
            <relationChanceModifierSibling>0</relationChanceModifierSibling>
        </relationSettings>
		
	<raceRestriction>
	
				<onlyUseRaceRestrictedApparel>true</onlyUseRaceRestrictedApparel>
				<onlyUseRaceRestrictedWeapons>true</onlyUseRaceRestrictedWeapons>
				<apparelList>
				</apparelList>
				<whiteApparelList>
				</whiteApparelList>
				<weaponList>
				</weaponList>
				<whiteWeaponList>
				</whiteWeaponList>
			<traitList>
                <li>SimpleMindedRobot</li>
            </traitList>
	</raceRestriction>
	
			<thoughtSettings>
			<cannotReceiveThoughtsAtAll>false</cannotReceiveThoughtsAtAll>
				<cannotReceiveThoughts>
					<li>NeedFood</li>
					<li>Naked</li>
					<li>Pain</li>
					<li>SleepDisturbed</li>
					<li>SleptOnGround</li>
					<li>SleptInBarracks</li>
					<li>EnvironmentCold</li>
					<li>EnvironmentHot</li>
					<li>ObservedLayingCorpse</li>
					<li>ObservedLayingRottingCorpse</li>
					<li>KindWordsMood</li>

				</cannotReceiveThoughts>
			</thoughtSettings>
	  
	</alienRace>
    <statBases>
	<ToxicSensitivity>0</ToxicSensitivity>
      <MarketValue>2450</MarketValue>
      <MoveSpeed>4.8</MoveSpeed>
      <Flammability>0</Flammability>
	  <ImmunityGainSpeed>50</ImmunityGainSpeed>
	  <CarryingCapacity>18</CarryingCapacity>
		<ArmorRating_Sharp>0.15</ArmorRating_Sharp>
		<ArmorRating_Blunt>0.05</ArmorRating_Blunt>
		<ArmorRating_Heat>0.20</ArmorRating_Heat>
		<ComfyTemperatureMin>-20</ComfyTemperatureMin>
		<ComfyTemperatureMax>100</ComfyTemperatureMax>
		<PainShockThreshold>5</PainShockThreshold>
		<HungerRateMultiplier>0</HungerRateMultiplier>
		<Mass>50</Mass>
		<EatingSpeed>1</EatingSpeed>
		<WorkSpeedGlobal>1.25</WorkSpeedGlobal>
		<LeatherAmount>0</LeatherAmount>
		<MeatAmount>0</MeatAmount>
		<ResearchSpeed>0.1</ResearchSpeed>
		<PlantWorkSpeed>0.5</PlantWorkSpeed>
		<GlobalLearningFactor>1</GlobalLearningFactor>
				<!--social -->
				<NegotiationAbility>0.6</NegotiationAbility>
				<TradePriceImprovement>0.6</TradePriceImprovement>
				<SocialImpact>0.6</SocialImpact>
				<!--violence -->
				<HuntingStealth>0</HuntingStealth>
				<!--foragers -->
				<CookSpeed>0.8</CookSpeed>
				<ButcheryFleshSpeed>0.8</ButcheryFleshSpeed>
				<ButcheryFleshEfficiency>0.8</ButcheryFleshEfficiency>
				<!--primative -->
				<DrugCookingSpeed>0.8</DrugCookingSpeed>
				<TailoringSpeed>0.8</TailoringSpeed>
				<SmeltingSpeed>0.8</SmeltingSpeed>
				<MedicalTendQuality>0.5</MedicalTendQuality>
				<MedicalSurgerySuccessChance>0.5</MedicalSurgerySuccessChance>
				<!--animal-like -->
				<PsychicSensitivity>0</PsychicSensitivity>
				<TrainAnimalChance>1</TrainAnimalChance>
				<TameAnimalChance>0.8</TameAnimalChance>
				<SmoothingSpeed>0.8</SmoothingSpeed>
				<AnimalGatherSpeed>0.8</AnimalGatherSpeed>			  
				<MiningSpeed>0.8</MiningSpeed>
				<MeleeDodgeChance>0</MeleeDodgeChance>
    </statBases>
    <tools>
     <li>
        <label>left buzzsaw</label>
        <capacities>
          <li>Cut</li>
        </capacities>
        <power>15</power>
        <cooldownTime>1.8</cooldownTime>
        <linkedBodyPartsGroup>RightBuzzSaw</linkedBodyPartsGroup>
		<chanceFactor>1000</chanceFactor>
        <surpriseAttack>
          <extraMeleeDamages>
            <li>
              <def>Stun</def>
              <amount>25</amount>
            </li>
          </extraMeleeDamages>
        </surpriseAttack>
     </li>

	 <li>
        <label>Front pincer</label>
        <capacities>
          <li>Blunt</li>
        </capacities>
        <power>5</power>
        <cooldownTime>1.5</cooldownTime>
        <linkedBodyPartsGroup>FrontPincer</linkedBodyPartsGroup>
		<chanceFactor>10</chanceFactor>
        <surpriseAttack>
          <extraMeleeDamages>
            <li>
              <def>Stun</def>
              <amount>25</amount>
            </li>
          </extraMeleeDamages>
        </surpriseAttack>
     </li>
	  	        <li>

        <label>head</label>
        <capacities>
          <li>Blunt</li>
        </capacities>
        <power>15</power>
        <cooldownTime>1.8</cooldownTime>
        <linkedBodyPartsGroup>HeadAttackTool</linkedBodyPartsGroup>
        <chanceFactor>10</chanceFactor>
      </li>
    </tools>

    <race>	
      <thinkTreeMain>Humanlike</thinkTreeMain>
      <thinkTreeConstant>HumanlikeConstant</thinkTreeConstant>
      <intelligence>Humanlike</intelligence>
      <makesFootprints>false</makesFootprints>
      <lifeExpectancy>2500</lifeExpectancy>
      <nameCategory>HumanStandard</nameCategory>
      <body>Handy</body>
      <baseBodySize>1</baseBodySize>
	  <bloodDef>Filth_MetalShavings</bloodDef>
	  <gestationPeriodDays>1</gestationPeriodDays>
      <baseHealthScale>1</baseHealthScale>
	   <soundMeleeHitPawn>Pawn_Melee_MechanoidSlash_HitPawn</soundMeleeHitPawn>
      <soundMeleeHitBuilding>Pawn_Melee_MechanoidSlash_HitBuilding</soundMeleeHitBuilding>
      <soundMeleeMiss>Pawn_Melee_MechanoidSlash_Miss</soundMeleeMiss>
	  <needsRest>true</needsRest>
		<useMeatFrom>Hare</useMeatFrom>
	  <baseHungerRate>0</baseHungerRate>
      <foodType>Liquor</foodType>
	  <canBePredatorPrey>false</canBePredatorPrey>
	  <fleshType>Robot</fleshType>

      <litterSizeCurve>
        <points>
          <li>(0.5, 0)</li>
          <li>(1, 1)</li>
          <li>(1.01, 0.02)</li>
          <li>(3.5, 0)</li>
        </points>
      </litterSizeCurve>
      <lifeStageAges>
        <li>
          <def>HumanlikeAdult</def>
          <minAge>0</minAge>
        </li>

      </lifeStageAges>
      <specialShadowData>
        <volume>(0.3, 0.8, 0.4)</volume>
        <offset>(0,0,-0.3)</offset>
      </specialShadowData>
      <ageGenerationCurve>
        <points>
          <li>(1,0)</li>
          <li>(40,20)</li>
          <li>(100,100)</li>
		  <li>(140,20)</li>
          <li>(160,0)</li>
        </points>
      </ageGenerationCurve>
      <hediffGiverSets>
        <li>Handy_RobotTraitsGiver</li>
      </hediffGiverSets>
    </race>
		<recipes>
			<li>InstallMountedFlamethrower</li>
			<li>InstallThruster</li>
			<li>InstallRightBuzzsaw</li>
			<li>InstallSensorPackage</li>
			<li>InstallEyeStalkLeft</li>
			<li>InstallEyeStalkMiddle</li>
			<li>InstallEyeStalkRight</li>
			<li>InstallSegmentedArmLeft</li>
			<li>InstallSegmentedArmFront</li>
			<li>InstallSegmentedArmRight</li>
			<li>InstallWeaponMount</li>
			<li>InstallArmMountRight</li>
			<li>InstallArmMountLeft</li>
			<li>InstallArmMountFront</li>
			<li>InstallMechanicalEyeLeft</li>
			<li>InstallMechanicalEyeRight</li>
			<li>InstallMechanicalEyeMiddle</li>
			<li>EuthanizeBot</li>
			<li>RemoveBodyParts</li>

		</recipes>
			<butcherProducts>
			<Steel>25</Steel>
			<Plasteel>25</Plasteel>
			<ComponentIndustrial>4</ComponentIndustrial>
		</butcherProducts>
				<modExtensions>
			<li Class="RobotStuff.RobotEdit">
				<removeCorpseRot>true</removeCorpseRot>
			</li>
		</modExtensions>
		

  </AlienRace.ThingDef_AlienRace>


</Defs>