<?xml version="1.0" encoding="utf-8" ?>
<Defs>

<AlienRace.ThingDef_AlienRace ParentName="BasePawn">
    <defName>Securitron</defName>
    <label>Securitron</label>
    <description>The Securitron unit is a mass-produced robot meant to keep a meaningful prescence and keep the peace.</description>
	<alienRace>
	  <generalSettings>
		<maleGenderProbability>1.0</maleGenderProbability>
		<useOnlyPawnkindBackstories>true</useOnlyPawnkindBackstories>
        <humanRecipeImport>false</humanRecipeImport>
	    <allowHumanBios>false</allowHumanBios>
		<immuneToAge>true</immuneToAge>

            <forcedRaceTraitEntries>
				<li>
                    <defName>SimpleMindedRobot</defName>
                    <chance>100</chance>
                </li>
                <li>
                    <defName>Masochist</defName>
                    <chance>100</chance>
                </li>
                <li>
                    <defName>Undergrounder</defName>
                    <chance>100</chance>
                </li>
				
            </forcedRaceTraitEntries>
							<disallowedTraits>
					<li>DrugDesire</li>
					<li>AnnoyingVoice</li>
					<li>CreepyBreathing</li>
					<li>Pyromaniac</li>
					<li>Wimp</li>
					<li>Masochist</li>
					<li>NightOwl</li>
					<li>Jealous</li>
					<li>Nudist</li>
					<li>Transhumanist</li>
					<li>BodyPurist</li>
					<li>SuperImmune</li>
					<li>Beautiful</li>
					<li>Tough</li>
				</disallowedTraits>
				<notXenophobistTowards>
					<li>Human</li>
				</notXenophobistTowards>
			<alienPartGenerator>
			<aliencrowntypes>
                <li>Average_Normal</li>
                </aliencrowntypes>
				<alienbodytypes>
			<li>Male</li>
				</alienbodytypes>
				<useGenderedHeads>false</useGenderedHeads>
				<useGenderedBodies>false</useGenderedBodies>
        <customDrawSize>(1.75, 1.75)</customDrawSize>
        <customHeadDrawSize>(3, 3)</customHeadDrawSize>
        <customPortraitDrawSize>(1.75, 1.75)</customPortraitDrawSize>
        <customPortraitHeadDrawSize>(1.5, 1.5)</customPortraitHeadDrawSize>




        <headOffset>(0, 0)</headOffset>
		<bodyAddons>
					
            <li>
              <drawSize>1.75</drawSize>
              <path>Securitron/Head/Average_Normal</path>
              <bodyPart>RobotChassis</bodyPart>
              <inFrontOfBody>false</inFrontOfBody>
              <useSkinColor>true</useSkinColor>
              <layerOffset>0.02</layerOffset>
              <offsets>
                <south>
                  <bodyTypes>
                    <Male>(-0.42, 0.52)</Male>
                  </bodyTypes>
                </south>
                <north>
                  <bodyTypes>
                    <Male>(0, 0.85)</Male>
                  </bodyTypes>
                </north>
                <east>
                  <bodyTypes>
                    <Male>(-0.42, 0.52)</Male>
                  </bodyTypes>
                  <crownTypes>
                    <Average_Normal>(0, 0)</Average_Normal>
                  </crownTypes>
                </east>
		        <west>
                  <bodyTypes>
                    <Male>(-0.406, 0.52)</Male>
                  </bodyTypes>
                  <crownTypes>
                    <Average_Normal>(0, 0)</Average_Normal>
                  </crownTypes>
                </west>
              </offsets>
            </li>
			            <li>
              <drawSize>1.75</drawSize>
              <path>Securitron/Faces/Mk1</path>
              <bodyPart>MiddleScreen</bodyPart>
              <inFrontOfBody>true</inFrontOfBody>
              <useSkinColor>true</useSkinColor>
              <layerOffset>0.02</layerOffset>
              <offsets>
                <south>
                  <bodyTypes>
                    <Male>(-0.42, 0.52)</Male>
                  </bodyTypes>
                </south>
                <north>
                  <bodyTypes>
                    <Male>(0, 0.85)</Male>
                  </bodyTypes>
                </north>
                <east>
                  <bodyTypes>
                    <Male>(-0.42, 0.52)</Male>
                  </bodyTypes>
                  <crownTypes>
                    <Average_Normal>(0, 0)</Average_Normal>
                  </crownTypes>
                </east>
		        <west>
                  <bodyTypes>
                    <Male>(-0.406, 0.52)</Male>
                  </bodyTypes>
                  <crownTypes>
                    <Average_Normal>(0, 0)</Average_Normal>
                  </crownTypes>
                </west>
              </offsets>
				<!--hediffGraphics>
              <Mk1>Securitron/Faces/Mk1</Mk1>
               </hediffGraphics-->
            </li>
			
		</bodyAddons>

            <alienskincolorgen Class="ColorGenerator_Options">
                <options>
                    <li>
                        <weight>1</weight>
                        <only>RGBA(1,1,1,1)</only>
                    </li>


                </options>
            </alienskincolorgen>
			</alienPartGenerator>
		<canLayDown>true</canLayDown>
		
		
            <chemicalSettings>
                <li>
                    <chemical>Smokeleaf</chemical>
                    <ingestible>false</ingestible>

                </li>
                <li>
                    <chemical>Luciferium</chemical>
                    <ingestible>false</ingestible>
                </li>
				<li>
                    <chemical>Flake</chemical>
                    <ingestible>false</ingestible>
				</li>
	
				<li>
					<chemical>Ambrosia</chemical>
                    <ingestible>false</ingestible>

                </li>
                <li>
                    <chemical>GoJuice</chemical>
                    <ingestible>false</ingestible>
                </li>
				<li>
                    <chemical>Yayo</chemical>
                    <ingestible>false</ingestible>
                </li>
				<li>
                    <chemical>Psychite</chemical>
                    <ingestible>false</ingestible>
                </li>
				<li>
                    <chemical>WakeUp</chemical>
                    <ingestible>false</ingestible>
                </li>				
            </chemicalSettings>
			
			
	  </generalSettings>
		<graphicPaths>
			<li>
				<body>Securitron/Body/</body>
				<head>Securitron/Head/</head>

			</li>

		</graphicPaths>
        <hairSettings>
            <hasHair>false</hasHair>
        </hairSettings>
	  

	    <relationSettings>
            <relationChanceModifierLover>0</relationChanceModifierLover>
            <relationChanceModifierExLover>0</relationChanceModifierExLover>
            <relationChanceModifierFiance>0</relationChanceModifierFiance>
            <relationChanceModifierSpouse>0</relationChanceModifierSpouse>
            <relationChanceModifierExSpouse>0</relationChanceModifierExSpouse>
            <relationChanceModifierParent>0</relationChanceModifierParent>
            <relationChanceModifierChild>0</relationChanceModifierChild>
            <relationChanceModifierSibling>0</relationChanceModifierSibling>
        </relationSettings>
		
	<raceRestriction>
	
				<onlyUseRaceRestrictedApparel>true</onlyUseRaceRestrictedApparel>
				<onlyUseRaceRestrictedWeapons>true</onlyUseRaceRestrictedWeapons>
				<apparelList>
				</apparelList>
				<whiteApparelList>
				</whiteApparelList>
				<weaponList>
				</weaponList>
				<whiteWeaponList>
				</whiteWeaponList>
			<traitList>
                <li>SimpleMindedRobot</li>
            </traitList>
	</raceRestriction>
	
			<thoughtSettings>
			<cannotReceiveThoughtsAtAll>false</cannotReceiveThoughtsAtAll>
				<cannotReceiveThoughts>
					<li>NeedFood</li>
					<li>Naked</li>
					<li>Pain</li>
					<li>SleepDisturbed</li>
					<li>SleptOnGround</li>
					<li>SleptInBarracks</li>
					<li>EnvironmentCold</li>
					<li>EnvironmentHot</li>
					<li>ObservedLayingCorpse</li>
					<li>ObservedLayingRottingCorpse</li>
					<li>KindWordsMood</li>

				</cannotReceiveThoughts>
			</thoughtSettings>
	  
	</alienRace>
    <statBases>
		<ToxicSensitivity>0</ToxicSensitivity>
		<MarketValue>3000</MarketValue>
		<MoveSpeed>4.5</MoveSpeed>
		<Flammability>0</Flammability>
		<ImmunityGainSpeed>50</ImmunityGainSpeed>
		<CarryingCapacity>35</CarryingCapacity>
		<ArmorRating_Sharp>0.55</ArmorRating_Sharp>
		<ArmorRating_Blunt>0.30</ArmorRating_Blunt>
		<ArmorRating_Heat>0.40</ArmorRating_Heat>
		<ComfyTemperatureMin>-20</ComfyTemperatureMin>
		<ComfyTemperatureMax>100</ComfyTemperatureMax>
		<PainShockThreshold>5</PainShockThreshold>
		<HungerRateMultiplier>0</HungerRateMultiplier>
		<Mass>75</Mass>
		<EatingSpeed>1</EatingSpeed>
		<WorkSpeedGlobal>1.25</WorkSpeedGlobal>
		<LeatherAmount>0</LeatherAmount>
		<MeatAmount>0</MeatAmount>
		<ResearchSpeed>0.1</ResearchSpeed>
		<PlantWorkSpeed>0.5</PlantWorkSpeed>
		<GlobalLearningFactor>1</GlobalLearningFactor>
				<!--social -->
				<NegotiationAbility>0.6</NegotiationAbility>
				<TradePriceImprovement>0.6</TradePriceImprovement>
				<SocialImpact>0.6</SocialImpact>
				<!--violence -->
				<HuntingStealth>0</HuntingStealth>
				<!--foragers -->
				<CookSpeed>0.8</CookSpeed>
				<ButcheryFleshSpeed>0.8</ButcheryFleshSpeed>
				<ButcheryFleshEfficiency>0.8</ButcheryFleshEfficiency>
				<!--primative -->
				<DrugCookingSpeed>0.8</DrugCookingSpeed>
				<TailoringSpeed>0.8</TailoringSpeed>
				<SmeltingSpeed>0.8</SmeltingSpeed>
				<MedicalTendQuality>0.5</MedicalTendQuality>
				<MedicalSurgerySuccessChance>0.5</MedicalSurgerySuccessChance>
				<!--animal-like -->
				<PsychicSensitivity>0</PsychicSensitivity>
				<TrainAnimalChance>0</TrainAnimalChance>
				<TameAnimalChance>0</TameAnimalChance>
				<SmoothingSpeed>0.8</SmoothingSpeed>
				<AnimalGatherSpeed>0.8</AnimalGatherSpeed>			  
				<MiningSpeed>0.8</MiningSpeed>
				<MeleeDodgeChance>0</MeleeDodgeChance>
    </statBases>
    <tools>
     <li>
        <label>left hand</label>
        <capacities>
          <li>Blunt</li>
        </capacities>
        <power>6</power>
        <cooldownTime>2</cooldownTime>
        <linkedBodyPartsGroup>WeaponMount</linkedBodyPartsGroup>
		<chanceFactor>1000</chanceFactor>
        <surpriseAttack>
          <extraMeleeDamages>
            <li>
              <def>Stun</def>
              <amount>10</amount>
            </li>
          </extraMeleeDamages>
        </surpriseAttack>
     </li>
     <li>
        <label>right hand</label>
        <capacities>
          <li>Blunt</li>
        </capacities>
        <power>6</power>
        <cooldownTime>2</cooldownTime>
        <linkedBodyPartsGroup>RightWeaponMount</linkedBodyPartsGroup>
		<chanceFactor>1000</chanceFactor>
        <surpriseAttack>
          <extraMeleeDamages>
            <li>
              <def>Stun</def>
              <amount>10</amount>
            </li>
          </extraMeleeDamages>
        </surpriseAttack>
     </li>

	 <li>
        <label>body</label>
        <capacities>
          <li>Blunt</li>
        </capacities>
        <power>10</power>
        <cooldownTime>2</cooldownTime>
        <linkedBodyPartsGroup>RobotChassis</linkedBodyPartsGroup>
        <chanceFactor>1</chanceFactor>
      </li>
    </tools>

    <race>	
      <thinkTreeMain>Humanlike</thinkTreeMain>
      <thinkTreeConstant>HumanlikeConstant</thinkTreeConstant>
      <intelligence>Humanlike</intelligence>
      <makesFootprints>false</makesFootprints>
      <lifeExpectancy>2500</lifeExpectancy>
      <nameCategory>HumanStandard</nameCategory>
      <body>Securitron</body>
      <baseBodySize>2</baseBodySize>
	  <bloodDef>Filth_MetalShavings</bloodDef>
	  <gestationPeriodDays>1</gestationPeriodDays>
      <baseHealthScale>1</baseHealthScale>
	   <soundMeleeHitPawn>Pawn_Melee_MechanoidSlash_HitPawn</soundMeleeHitPawn>
      <soundMeleeHitBuilding>Pawn_Melee_MechanoidSlash_HitBuilding</soundMeleeHitBuilding>
      <soundMeleeMiss>Pawn_Melee_MechanoidSlash_Miss</soundMeleeMiss>
	  <needsRest>true</needsRest>
	<useMeatFrom>Hare</useMeatFrom>

	  <baseHungerRate>0</baseHungerRate>
      <foodType>Liquor</foodType>
	  <canBePredatorPrey>false</canBePredatorPrey>
	  <fleshType>Robot</fleshType>

      <litterSizeCurve>
        <points>
          <li>(0.5, 0)</li>
          <li>(1, 1)</li>
          <li>(1.01, 0.02)</li>
          <li>(3.5, 0)</li>
        </points>
      </litterSizeCurve>
      <lifeStageAges>
        <li>
          <def>HumanlikeAdult</def>
          <minAge>0</minAge>
        </li>

      </lifeStageAges>
      <specialShadowData>
        <volume>(0.3, 0.8, 0.4)</volume>
        <offset>(0,0,-0.3)</offset>
      </specialShadowData>
      <ageGenerationCurve>
        <points>
          <li>(1,0)</li>
          <li>(40,20)</li>
          <li>(100,100)</li>
		  <li>(140,20)</li>
          <li>(160,0)</li>
        </points>
      </ageGenerationCurve>
      <hediffGiverSets>
        <li>Handy_RobotTraitsGiver</li>
      </hediffGiverSets>
    </race>
		<recipes>
			<li>InstallMountedGatlingLaser</li>
			<li>InstallMountedMachineGun</li>
			<li>InstallWheelStrut</li>
			<li>InstallRobotWheel</li>
			<li>InstallSpeaker</li>
			<li>InstallSegmentedArmLeft</li>
			<li>InstallSegmentedArmRight</li>
			<li>InstallWeaponMount</li>
			<li>InstallRightWeaponMount</li>
			<li>InstallArmMountLeft</li>
			<li>InstallArmMountFront</li>
			<li>InstallMechanicalEyeMiddle</li>
			<li>EuthanizeBot</li>	
			<li>RemoveBodyParts</li>
			<li>InstallMountedGatlingLaserRight</li>
			<li>InstallMiddleScreen</li>

		</recipes>
		
			<butcherProducts>
			<Steel>50</Steel>
			<Plasteel>50</Plasteel>
			<ComponentIndustrial>4</ComponentIndustrial>
		</butcherProducts>
				<modExtensions>
			<li Class="RobotStuff.RobotEdit">
				<removeCorpseRot>true</removeCorpseRot>
			</li>
		</modExtensions>
		

  </AlienRace.ThingDef_AlienRace>


</Defs>