<?xml version="1.0" encoding="utf-8" ?>
<Defs>

  <RecipeDef ParentName="SurgeryRobot">
    <defName>InstallLeftBuzzsaw</defName>
    <label>install left buzzsaw</label>
    <description>Install a regular buzzsaw.</description>
    <workerClass>Recipe_InstallNaturalBodyPart</workerClass>
    <jobString>Installing buzzsaw.</jobString>
    <workAmount>250</workAmount>
	 <surgerySuccessChanceFactor>10</surgerySuccessChanceFactor>
    <skillRequirements>
    </skillRequirements>
		<ingredients>
			<li>
				<filter>
					<thingDefs>
						<li>Buzzsaw</li>
					</thingDefs>
				</filter>
				<count>1</count>
			</li>
		</ingredients>
		<fixedIngredientFilter>
			<thingDefs>
				<li>Buzzsaw</li>
			</thingDefs>
		</fixedIngredientFilter>
    <appliedOnFixedBodyParts>
      <li>LeftBuzzSaw</li>
    </appliedOnFixedBodyParts>
  </RecipeDef>
   
     <RecipeDef ParentName="SurgeryRobot">
    <defName>InstallRightBuzzsaw</defName>
    <label>install right buzzsaw</label>
    <description>Install a regular buzzsaw.</description>
    <workerClass>Recipe_InstallNaturalBodyPart</workerClass>
    <jobString>Installing buzzsaw.</jobString>
    <workAmount>250</workAmount>
	 <surgerySuccessChanceFactor>10</surgerySuccessChanceFactor>
    <skillRequirements>
    </skillRequirements>
		<ingredients>
			<li>
				<filter>
					<thingDefs>
						<li>Buzzsaw</li>
					</thingDefs>
				</filter>
				<count>1</count>
			</li>
		</ingredients>
		<fixedIngredientFilter>
			<thingDefs>
				<li>Buzzsaw</li>
			</thingDefs>
		</fixedIngredientFilter>
    <appliedOnFixedBodyParts>
      <li>RightBuzzSaw</li>
    </appliedOnFixedBodyParts>
  </RecipeDef>

     <RecipeDef ParentName="SurgeryRobot">
    <defName>InstallMiddleScreen</defName>
    <label>install screen</label>
    <description>Install a regular screen.</description>
    <workerClass>Recipe_InstallNaturalBodyPart</workerClass>
    <jobString>Installing screen.</jobString>
    <workAmount>250</workAmount>
	 <surgerySuccessChanceFactor>10</surgerySuccessChanceFactor>
    <skillRequirements>
    </skillRequirements>
		<ingredients>
			<li>
				<filter>
					<thingDefs>
						<li>Screen</li>
					</thingDefs>
				</filter>
				<count>1</count>
			</li>
		</ingredients>
		<fixedIngredientFilter>
			<thingDefs>
				<li>Screen</li>
			</thingDefs>
		</fixedIngredientFilter>
    <appliedOnFixedBodyParts>
      <li>MiddleScreen</li>
    </appliedOnFixedBodyParts>
  </RecipeDef>


  <RecipeDef ParentName="SurgeryRobot">
    <defName>InstallSensorPackage</defName>
    <label>install sensor package</label>
    <description>Install a regular thruster.</description>
    <workerClass>Recipe_InstallNaturalBodyPart</workerClass>
    <jobString>Installing thruster.</jobString>
    <workAmount>500</workAmount>
	<surgerySuccessChanceFactor>10</surgerySuccessChanceFactor>
    <skillRequirements>
    </skillRequirements>
		<ingredients>
			<li>
				<filter>
					<thingDefs>
						<li>SensorPackage</li>
					</thingDefs>
				</filter>
				<count>1</count>
			</li>
		</ingredients>
		<fixedIngredientFilter>
			<thingDefs>
				<li>SensorPackage</li>
			</thingDefs>
		</fixedIngredientFilter>
    <appliedOnFixedBodyParts>
      <li>SensorPackage</li>
    </appliedOnFixedBodyParts>
  </RecipeDef>
	
  
  <RecipeDef ParentName="SurgeryRobot">
    <defName>InstallEyeStalkLeft</defName>
    <label>install left eye stalk</label>
    <description>Install a regular eye stalk.</description>
    <workerClass>Recipe_InstallNaturalBodyPart</workerClass>
    <jobString>Installing eye stalk.</jobString>
    <workAmount>1000</workAmount>
	<surgerySuccessChanceFactor>10</surgerySuccessChanceFactor>
    <skillRequirements>
    </skillRequirements>
		<ingredients>
			<li>
				<filter>
					<thingDefs>
						<li>EyeStalk</li>
					</thingDefs>
				</filter>
				<count>1</count>
			</li>
		</ingredients>
		<fixedIngredientFilter>
			<thingDefs>
				<li>EyeStalk</li>
			</thingDefs>
		</fixedIngredientFilter>
    <appliedOnFixedBodyParts>
      <li>EyeStalkLeft</li>
    </appliedOnFixedBodyParts>
  </RecipeDef>
  
  
  <RecipeDef ParentName="SurgeryRobot">
    <defName>InstallEyeStalkMiddle</defName>
    <label>install middle eye stalk</label>
    <description>Install a regular eye stalk.</description>
    <workerClass>Recipe_InstallNaturalBodyPart</workerClass>
    <jobString>Installing eye stalk.</jobString>
    <workAmount>1000</workAmount>
	<surgerySuccessChanceFactor>10</surgerySuccessChanceFactor>
    <skillRequirements>
    </skillRequirements>
		<ingredients>
			<li>
				<filter>
					<thingDefs>
						<li>EyeStalk</li>
					</thingDefs>
				</filter>
				<count>1</count>
			</li>
		</ingredients>
		<fixedIngredientFilter>
			<thingDefs>
				<li>EyeStalk</li>
			</thingDefs>
		</fixedIngredientFilter>
    <appliedOnFixedBodyParts>
      <li>EyeStalkMiddle</li>
    </appliedOnFixedBodyParts>
  </RecipeDef>
  
  
  <RecipeDef ParentName="SurgeryRobot">
    <defName>InstallThruster</defName>
    <label>install thruster</label>
    <description>Install a regular thruster.</description>
    <workerClass>Recipe_InstallNaturalBodyPart</workerClass>
    <jobString>Installing thruster.</jobString>
    <workAmount>2000</workAmount>
	<surgerySuccessChanceFactor>10</surgerySuccessChanceFactor>
    <skillRequirements>
    </skillRequirements>
		<ingredients>
			<li>
				<filter>
					<thingDefs>
						<li>Thruster</li>
					</thingDefs>
				</filter>
				<count>1</count>
			</li>
		</ingredients>
		<fixedIngredientFilter>
			<thingDefs>
				<li>Thruster</li>
			</thingDefs>
		</fixedIngredientFilter>
    <appliedOnFixedBodyParts>
      <li>Thruster</li>
    </appliedOnFixedBodyParts>
  </RecipeDef>
  
    <RecipeDef ParentName="SurgeryRobot">
    <defName>InstallRoboticHead</defName>
    <label>install robotic head</label>
    <description>Install a robotic head.</description>
    <workerClass>Recipe_InstallNaturalBodyPart</workerClass>
    <jobString>Installing robotic head.</jobString>
    <workAmount>2000</workAmount>
	<surgerySuccessChanceFactor>10</surgerySuccessChanceFactor>
    <skillRequirements>
    </skillRequirements>
		<ingredients>
			<li>
				<filter>
					<thingDefs>
						<li>RoboticHead</li>
					</thingDefs>
				</filter>
				<count>1</count>
			</li>
		</ingredients>
		<fixedIngredientFilter>
			<thingDefs>
				<li>RoboticHead</li>
			</thingDefs>
		</fixedIngredientFilter>
    <appliedOnFixedBodyParts>
      <li>RoboticHead</li>
    </appliedOnFixedBodyParts>
  </RecipeDef>
  
  <RecipeDef ParentName="SurgeryRobot">
    <defName>InstallEyeStalkRight</defName>
    <label>install right eye stalk</label>
    <description>Install a regular eye stalk.</description>
    <workerClass>Recipe_InstallNaturalBodyPart</workerClass>
    <jobString>Installing eye stalk.</jobString>
    <workAmount>1000</workAmount>
	<surgerySuccessChanceFactor>10</surgerySuccessChanceFactor>
    <skillRequirements>
    </skillRequirements>
		<ingredients>
			<li>
				<filter>
					<thingDefs>
						<li>EyeStalk</li>
					</thingDefs>
				</filter>
				<count>1</count>
			</li>
		</ingredients>
		<fixedIngredientFilter>
			<thingDefs>
				<li>EyeStalk</li>
			</thingDefs>
		</fixedIngredientFilter>
    <appliedOnFixedBodyParts>
      <li>EyeStalkRight</li>
    </appliedOnFixedBodyParts>
  </RecipeDef>
  
  
  <RecipeDef ParentName="SurgeryRobot">
    <defName>InstallSegmentedArmLeft</defName>
    <label>install left segmented arm</label>
    <description>Install a regular arm.</description>
    <workerClass>Recipe_InstallNaturalBodyPart</workerClass>
    <jobString>Installing segmented arm.</jobString>
    <workAmount>1000</workAmount>
	<surgerySuccessChanceFactor>10</surgerySuccessChanceFactor>
    <skillRequirements>
    </skillRequirements>
		<ingredients>
			<li>
				<filter>
					<thingDefs>
						<li>SegmentedArm</li>
					</thingDefs>
				</filter>
				<count>1</count>
			</li>
		</ingredients>
		<fixedIngredientFilter>
			<thingDefs>
				<li>SegmentedArm</li>
			</thingDefs>
		</fixedIngredientFilter>
    <appliedOnFixedBodyParts>
      <li>SegmentedArmLeft</li>
    </appliedOnFixedBodyParts>
  </RecipeDef>
  
  
    <RecipeDef ParentName="SurgeryRobot">
    <defName>InstallSegmentedArmRight</defName>
    <label>install left segmented arm</label>
    <description>Install a regular arm.</description>
    <workerClass>Recipe_InstallNaturalBodyPart</workerClass>
    <jobString>Installing segmented arm.</jobString>
    <workAmount>1000</workAmount>
	<surgerySuccessChanceFactor>10</surgerySuccessChanceFactor>
    <skillRequirements>
    </skillRequirements>
		<ingredients>
			<li>
				<filter>
					<thingDefs>
						<li>SegmentedArm</li>
					</thingDefs>
				</filter>
				<count>1</count>
			</li>
		</ingredients>
		<fixedIngredientFilter>
			<thingDefs>
				<li>SegmentedArm</li>
			</thingDefs>
		</fixedIngredientFilter>
    <appliedOnFixedBodyParts>
      <li>SegmentedArmRight</li>
    </appliedOnFixedBodyParts>
  </RecipeDef>
  
    <RecipeDef ParentName="SurgeryRobot">
    <defName>InstallSegmentedArmFront</defName>
    <label>install right segmented arm</label>
    <description>Install a regular arm.</description>
    <workerClass>Recipe_InstallNaturalBodyPart</workerClass>
    <jobString>Installing segmented arm.</jobString>
    <workAmount>1000</workAmount>
	<surgerySuccessChanceFactor>10</surgerySuccessChanceFactor>
    <skillRequirements>
    </skillRequirements>
		<ingredients>
			<li>
				<filter>
					<thingDefs>
						<li>SegmentedArm</li>
					</thingDefs>
				</filter>
				<count>1</count>
			</li>
		</ingredients>
		<fixedIngredientFilter>
			<thingDefs>
				<li>SegmentedArm</li>
			</thingDefs>
		</fixedIngredientFilter>
    <appliedOnFixedBodyParts>
      <li>SegmentedArmFront</li>
    </appliedOnFixedBodyParts>
  </RecipeDef>
  
      <RecipeDef ParentName="SurgeryRobot">
    <defName>InstallWeaponMount</defName>
    <label>install left weapon mount</label>
    <description>Install a weapon mount on the left.</description>
    <workerClass>Recipe_InstallNaturalBodyPart</workerClass>
    <jobString>Installing weapon mount.</jobString>
    <workAmount>250</workAmount>
	<surgerySuccessChanceFactor>10</surgerySuccessChanceFactor>
    <skillRequirements>
    </skillRequirements>
		<ingredients>
			<li>
				<filter>
					<thingDefs>
						<li>WeaponMount</li>
					</thingDefs>
				</filter>
				<count>1</count>
			</li>
		</ingredients>
		<fixedIngredientFilter>
			<thingDefs>
				<li>WeaponMount</li>
			</thingDefs>
		</fixedIngredientFilter>
    <appliedOnFixedBodyParts>
      <li>WeaponMount</li>
    </appliedOnFixedBodyParts>
  </RecipeDef>

       <RecipeDef ParentName="SurgeryRobot">
    <defName>InstallLeftClamp</defName>
    <label>install left clamp</label>
    <description>Install a clamp on the left arm.</description>
    <workerClass>Recipe_InstallNaturalBodyPart</workerClass>
    <jobString>Installing clamp.</jobString>
    <workAmount>250</workAmount>
	<surgerySuccessChanceFactor>10</surgerySuccessChanceFactor>
    <skillRequirements>
    </skillRequirements>
		<ingredients>
			<li>
				<filter>
					<thingDefs>
						<li>Clamp</li>
					</thingDefs>
				</filter>
				<count>1</count>
			</li>
		</ingredients>
		<fixedIngredientFilter>
			<thingDefs>
				<li>Clamp</li>
			</thingDefs>
		</fixedIngredientFilter>
    <appliedOnFixedBodyParts>
      <li>LeftClamp</li>
    </appliedOnFixedBodyParts>
  </RecipeDef>
  
   <RecipeDef ParentName="SurgeryRobot">
    <defName>InstallRightClamp</defName>
    <label>install right clamp</label>
    <description>Install a clamp on the right arm.</description>
    <workerClass>Recipe_InstallNaturalBodyPart</workerClass>
    <jobString>Installing clamp.</jobString>
    <workAmount>250</workAmount>
	<surgerySuccessChanceFactor>10</surgerySuccessChanceFactor>
    <skillRequirements>
    </skillRequirements>
		<ingredients>
			<li>
				<filter>
					<thingDefs>
						<li>Clamp</li>
					</thingDefs>
				</filter>
				<count>1</count>
			</li>
		</ingredients>
		<fixedIngredientFilter>
			<thingDefs>
				<li>Clamp</li>
			</thingDefs>
		</fixedIngredientFilter>
    <appliedOnFixedBodyParts>
      <li>RightClamp</li>
    </appliedOnFixedBodyParts>
  </RecipeDef>
   
        <RecipeDef ParentName="SurgeryRobot">
    <defName>InstallRightWeaponMount</defName>
    <label>install right weapon mount</label>
    <description>Install a weapon mount on the right.</description>
    <workerClass>Recipe_InstallNaturalBodyPart</workerClass>
    <jobString>Installing weapon mount.</jobString>
    <workAmount>250</workAmount>
	<surgerySuccessChanceFactor>10</surgerySuccessChanceFactor>
    <skillRequirements>
    </skillRequirements>
		<ingredients>
			<li>
				<filter>
					<thingDefs>
						<li>WeaponMount</li>
					</thingDefs>
				</filter>
				<count>1</count>
			</li>
		</ingredients>
		<fixedIngredientFilter>
			<thingDefs>
				<li>WeaponMount</li>
			</thingDefs>
		</fixedIngredientFilter>
    <appliedOnFixedBodyParts>
      <li>RightWeaponMount</li>
    </appliedOnFixedBodyParts>
  </RecipeDef>
  
          <RecipeDef ParentName="SurgeryRobot">
    <defName>InstallMiddleWeaponMount</defName>
    <label>install middle weapon mount</label>
    <description>Install a weapon mount on the face.</description>
    <workerClass>Recipe_InstallNaturalBodyPart</workerClass>
    <jobString>Installing weapon mount.</jobString>
    <workAmount>250</workAmount>
	<surgerySuccessChanceFactor>10</surgerySuccessChanceFactor>
    <skillRequirements>
    </skillRequirements>
		<ingredients>
			<li>
				<filter>
					<thingDefs>
						<li>WeaponMount</li>
					</thingDefs>
				</filter>
				<count>1</count>
			</li>
		</ingredients>
		<fixedIngredientFilter>
			<thingDefs>
				<li>WeaponMount</li>
			</thingDefs>
		</fixedIngredientFilter>
    <appliedOnFixedBodyParts>
      <li>MiddleWeaponMount</li>
    </appliedOnFixedBodyParts>
  </RecipeDef>
  
        <RecipeDef ParentName="SurgeryRobot">
    <defName>InstallPincer</defName>
    <label>install mechanical pincer</label>
    <description>Install a mechanical pincer.</description>
    <workerClass>Recipe_InstallNaturalBodyPart</workerClass>
    <jobString>Installing pincer.</jobString>
    <workAmount>250</workAmount>
	<surgerySuccessChanceFactor>10</surgerySuccessChanceFactor>
    <skillRequirements>
    </skillRequirements>
		<ingredients>
			<li>
				<filter>
					<thingDefs>
						<li>Pincer</li>
					</thingDefs>
				</filter>
				<count>1</count>
			</li>
		</ingredients>
		<fixedIngredientFilter>
			<thingDefs>
				<li>Pincer</li>
			</thingDefs>
		</fixedIngredientFilter>
    <appliedOnFixedBodyParts>
      <li>FrontPincer</li>
    </appliedOnFixedBodyParts>
  </RecipeDef>
  
      <RecipeDef ParentName="SurgeryRobot">
    <defName>InstallArmMountLeft</defName>
    <label>install left arm mount</label>
    <description>Install an arm mount.</description>
    <workerClass>Recipe_InstallNaturalBodyPart</workerClass>
    <jobString>Installing arm mount.</jobString>
    <workAmount>2000</workAmount>
	<surgerySuccessChanceFactor>10</surgerySuccessChanceFactor>
    <skillRequirements>
    </skillRequirements>
		<ingredients>
			<li>
				<filter>
					<thingDefs>
						<li>ArmMount</li>
					</thingDefs>
				</filter>
				<count>1</count>
			</li>
		</ingredients>
		<fixedIngredientFilter>
			<thingDefs>
				<li>ArmMount</li>
			</thingDefs>
		</fixedIngredientFilter>
    <appliedOnFixedBodyParts>
      <li>ArmMountLeft</li>
    </appliedOnFixedBodyParts>
  </RecipeDef>
  
        <RecipeDef ParentName="SurgeryRobot">
    <defName>InstallArmMountFront</defName>
    <label>install front arm mount</label>
    <description>Install an arm mount.</description>
    <workerClass>Recipe_InstallNaturalBodyPart</workerClass>
    <jobString>Installing arm mount.</jobString>
    <workAmount>2000</workAmount>
	<surgerySuccessChanceFactor>10</surgerySuccessChanceFactor>
    <skillRequirements>
    </skillRequirements>
		<ingredients>
			<li>
				<filter>
					<thingDefs>
						<li>ArmMount</li>
					</thingDefs>
				</filter>
				<count>1</count>
			</li>
		</ingredients>
		<fixedIngredientFilter>
			<thingDefs>
				<li>ArmMount</li>
			</thingDefs>
		</fixedIngredientFilter>
    <appliedOnFixedBodyParts>
      <li>ArmMountFront</li>
    </appliedOnFixedBodyParts>
  </RecipeDef>
  
   <RecipeDef ParentName="SurgeryRobot">
    <defName>InstallArmMountRight</defName>
    <label>install right arm mount</label>
    <description>Install an arm mount.</description>
    <workerClass>Recipe_InstallNaturalBodyPart</workerClass>
    <jobString>Installing arm mount.</jobString>
    <workAmount>2000</workAmount>
	<surgerySuccessChanceFactor>10</surgerySuccessChanceFactor>
    <skillRequirements>
    </skillRequirements>
		<ingredients>
			<li>
				<filter>
					<thingDefs>
						<li>ArmMount</li>
					</thingDefs>
				</filter>
				<count>1</count>
			</li>
		</ingredients>
		<fixedIngredientFilter>
			<thingDefs>
				<li>ArmMount</li>
			</thingDefs>
		</fixedIngredientFilter>
    <appliedOnFixedBodyParts>
      <li>ArmMountRight</li>
    </appliedOnFixedBodyParts>
  </RecipeDef>
 
   
   <RecipeDef ParentName="SurgeryRobot">
    <defName>InstallMechanicalEyeRight</defName>
    <label>install right mechanical eye</label>
    <description>Install a mechanical eye.</description>
    <workerClass>Recipe_InstallNaturalBodyPart</workerClass>
    <jobString>Installing mechanical eye.</jobString>
    <workAmount>250</workAmount>
	<surgerySuccessChanceFactor>10</surgerySuccessChanceFactor>
    <skillRequirements>
    </skillRequirements>
		<ingredients>
			<li>
				<filter>
					<thingDefs>
						<li>MechanicalEye</li>
					</thingDefs>
				</filter>
				<count>1</count>
			</li>
		</ingredients>
		<fixedIngredientFilter>
			<thingDefs>
				<li>MechanicalEye</li>
			</thingDefs>
		</fixedIngredientFilter>
    <appliedOnFixedBodyParts>
      <li>MechanicalEyeRight</li>
    </appliedOnFixedBodyParts>
  </RecipeDef>
    
   <RecipeDef ParentName="SurgeryRobot">
    <defName>InstallMechanicalEyeLeft</defName>
    <label>install left mechanical eye</label>
    <description>Install a mechanical eye.</description>
    <workerClass>Recipe_InstallNaturalBodyPart</workerClass>
    <jobString>Installing mechanical eye.</jobString>
    <workAmount>250</workAmount>
	<surgerySuccessChanceFactor>10</surgerySuccessChanceFactor>
    <skillRequirements>
    </skillRequirements>
		<ingredients>
			<li>
				<filter>
					<thingDefs>
						<li>MechanicalEye</li>
					</thingDefs>
				</filter>
				<count>1</count>
			</li>
		</ingredients>
		<fixedIngredientFilter>
			<thingDefs>
				<li>MechanicalEye</li>
			</thingDefs>
		</fixedIngredientFilter>
    <appliedOnFixedBodyParts>
      <li>MechanicalEyeLeft</li>
    </appliedOnFixedBodyParts>
  </RecipeDef>
  
  
     <RecipeDef ParentName="SurgeryRobot">
    <defName>InstallMechanicalEyeMiddle</defName>
    <label>install middle mechanical eye</label>
    <description>Install a mechanical eye.</description>
    <workerClass>Recipe_InstallNaturalBodyPart</workerClass>
    <jobString>Installing mechanical eye.</jobString>
    <workAmount>250</workAmount>
	<surgerySuccessChanceFactor>10</surgerySuccessChanceFactor>
    <skillRequirements>
    </skillRequirements>
		<ingredients>
			<li>
				<filter>
					<thingDefs>
						<li>MechanicalEye</li>
					</thingDefs>
				</filter>
				<count>1</count>
			</li>
		</ingredients>
		<fixedIngredientFilter>
			<thingDefs>
				<li>MechanicalEye</li>
			</thingDefs>
		</fixedIngredientFilter>
    <appliedOnFixedBodyParts>
      <li>MechanicalEyeMiddle</li>
    </appliedOnFixedBodyParts>
  </RecipeDef>
  
          <RecipeDef ParentName="SurgeryRobot">
    <defName>InstallSpeaker</defName>
    <label>install speaker</label>
    <description>Install a speaker.</description>
    <workerClass>Recipe_InstallNaturalBodyPart</workerClass>
    <jobString>Installing speaker.</jobString>
    <workAmount>250</workAmount>
	<surgerySuccessChanceFactor>10</surgerySuccessChanceFactor>
    <skillRequirements>
    </skillRequirements>
		<ingredients>
			<li>
				<filter>
					<thingDefs>
						<li>Speaker</li>
					</thingDefs>
				</filter>
				<count>1</count>
			</li>
		</ingredients>
		<fixedIngredientFilter>
			<thingDefs>
				<li>Speaker</li>
			</thingDefs>
		</fixedIngredientFilter>
    <appliedOnFixedBodyParts>
      <li>Speaker</li>
    </appliedOnFixedBodyParts>
  </RecipeDef>
  
            <RecipeDef ParentName="SurgeryRobot">
    <defName>InstallRobotWheel</defName>
    <label>install wheel</label>
    <description>Install a wheel.</description>
    <workerClass>Recipe_InstallNaturalBodyPart</workerClass>
    <jobString>Installing wheel.</jobString>
    <workAmount>250</workAmount>
	<surgerySuccessChanceFactor>10</surgerySuccessChanceFactor>
    <skillRequirements>
    </skillRequirements>
		<ingredients>
			<li>
				<filter>
					<thingDefs>
						<li>RobotWheel</li>
					</thingDefs>
				</filter>
				<count>1</count>
			</li>
		</ingredients>
		<fixedIngredientFilter>
			<thingDefs>
				<li>RobotWheel</li>
			</thingDefs>
		</fixedIngredientFilter>
    <appliedOnFixedBodyParts>
      <li>RobotWheel</li>
    </appliedOnFixedBodyParts>
  </RecipeDef>
  
  
             <RecipeDef ParentName="SurgeryRobot">
    <defName>InstallWheelStrut</defName>
    <label>install wheel strut</label>
    <description>Install a wheel strut.</description>
    <workerClass>Recipe_InstallNaturalBodyPart</workerClass>
    <jobString>Installing wheel strut.</jobString>
    <workAmount>500</workAmount>
	<surgerySuccessChanceFactor>10</surgerySuccessChanceFactor>
    <skillRequirements>
    </skillRequirements>
		<ingredients>
			<li>
				<filter>
					<thingDefs>
						<li>WheelStrut</li>
					</thingDefs>
				</filter>
				<count>1</count>
			</li>
		</ingredients>
		<fixedIngredientFilter>
			<thingDefs>
				<li>WheelStrut</li>
			</thingDefs>
		</fixedIngredientFilter>
    <appliedOnFixedBodyParts>
      <li>WheelStrut</li>
    </appliedOnFixedBodyParts>
  </RecipeDef>
  
          <RecipeDef ParentName="SurgeryRobot">
    <defName>InstallLegMountLeft</defName>
    <label>install left leg mount</label>
    <description>Install a leg mount.</description>
    <workerClass>Recipe_InstallNaturalBodyPart</workerClass>
    <jobString>Installing leg mount.</jobString>
    <workAmount>2000</workAmount>
	<surgerySuccessChanceFactor>10</surgerySuccessChanceFactor>
    <skillRequirements>
    </skillRequirements>
		<ingredients>
			<li>
				<filter>
					<thingDefs>
						<li>LegMount</li>
					</thingDefs>
				</filter>
				<count>1</count>
			</li>
		</ingredients>
		<fixedIngredientFilter>
			<thingDefs>
				<li>LegMount</li>
			</thingDefs>
		</fixedIngredientFilter>
    <appliedOnFixedBodyParts>
      <li>LegMountLeft</li>
    </appliedOnFixedBodyParts>
  </RecipeDef> 

        <RecipeDef ParentName="SurgeryRobot">
    <defName>InstallLegMountMiddle</defName>
    <label>install middle leg mount</label>
    <description>Install a leg mount.</description>
    <workerClass>Recipe_InstallNaturalBodyPart</workerClass>
    <jobString>Installing leg mount.</jobString>
    <workAmount>2000</workAmount>
	<surgerySuccessChanceFactor>10</surgerySuccessChanceFactor>
    <skillRequirements>
    </skillRequirements>
		<ingredients>
			<li>
				<filter>
					<thingDefs>
						<li>LegMount</li>
					</thingDefs>
				</filter>
				<count>1</count>
			</li>
		</ingredients>
		<fixedIngredientFilter>
			<thingDefs>
				<li>LegMount</li>
			</thingDefs>
		</fixedIngredientFilter>
    <appliedOnFixedBodyParts>
      <li>LegMountMiddle</li>
    </appliedOnFixedBodyParts>
  </RecipeDef> 

  <RecipeDef ParentName="SurgeryRobot">
    <defName>InstallLegMountRight</defName>
    <label>install right leg mount</label>
    <description>Install a leg mount.</description>
    <workerClass>Recipe_InstallNaturalBodyPart</workerClass>
    <jobString>Installing leg mount.</jobString>
    <workAmount>2000</workAmount>
	<surgerySuccessChanceFactor>10</surgerySuccessChanceFactor>
    <skillRequirements>
    </skillRequirements>
		<ingredients>
			<li>
				<filter>
					<thingDefs>
						<li>LegMount</li>
					</thingDefs>
				</filter>
				<count>1</count>
			</li>
		</ingredients>
		<fixedIngredientFilter>
			<thingDefs>
				<li>LegMount</li>
			</thingDefs>
		</fixedIngredientFilter>
    <appliedOnFixedBodyParts>
      <li>LegMountRight</li>
    </appliedOnFixedBodyParts>
  </RecipeDef>
  
  
    <RecipeDef ParentName="SurgeryRobot">
    <defName>InstallSegmentedLegLeft</defName>
    <label>install left leg</label>
    <description>Install a leg.</description>
    <workerClass>Recipe_InstallNaturalBodyPart</workerClass>
    <jobString>Installing leg.</jobString>
    <workAmount>1000</workAmount>
	<surgerySuccessChanceFactor>10</surgerySuccessChanceFactor>
    <skillRequirements>
    </skillRequirements>
		<ingredients>
			<li>
				<filter>
					<thingDefs>
						<li>SegmentedLeg</li>
					</thingDefs>
				</filter>
				<count>1</count>
			</li>
		</ingredients>
		<fixedIngredientFilter>
			<thingDefs>
				<li>SegmentedLeg</li>
			</thingDefs>
		</fixedIngredientFilter>
    <appliedOnFixedBodyParts>
      <li>SegmentedLegLeft</li>
    </appliedOnFixedBodyParts>
  </RecipeDef>
  
      <RecipeDef ParentName="SurgeryRobot">
    <defName>InstallSegmentedLegMiddle</defName>
    <label>install middle leg</label>
    <description>Install a leg.</description>
    <workerClass>Recipe_InstallNaturalBodyPart</workerClass>
    <jobString>Installing leg.</jobString>
    <workAmount>1000</workAmount>
	<surgerySuccessChanceFactor>10</surgerySuccessChanceFactor>
    <skillRequirements>
    </skillRequirements>
		<ingredients>
			<li>
				<filter>
					<thingDefs>
						<li>SegmentedLeg</li>
					</thingDefs>
				</filter>
				<count>1</count>
			</li>
		</ingredients>
		<fixedIngredientFilter>
			<thingDefs>
				<li>SegmentedLeg</li>
			</thingDefs>
		</fixedIngredientFilter>
    <appliedOnFixedBodyParts>
      <li>SegmentedLegMiddle</li>
    </appliedOnFixedBodyParts>
  </RecipeDef>
  
      <RecipeDef ParentName="SurgeryRobot">
    <defName>InstallSegmentedLegRight</defName>
    <label>install right leg</label>
    <description>Install a leg.</description>
    <workerClass>Recipe_InstallNaturalBodyPart</workerClass>
    <jobString>Installing leg.</jobString>
    <workAmount>1000</workAmount>
	<surgerySuccessChanceFactor>10</surgerySuccessChanceFactor>
    <skillRequirements>
    </skillRequirements>
		<ingredients>
			<li>
				<filter>
					<thingDefs>
						<li>SegmentedLeg</li>
					</thingDefs>
				</filter>
				<count>1</count>
			</li>
		</ingredients>
		<fixedIngredientFilter>
			<thingDefs>
				<li>SegmentedLeg</li>
			</thingDefs>
		</fixedIngredientFilter>
    <appliedOnFixedBodyParts>
      <li>SegmentedLegRight</li>
    </appliedOnFixedBodyParts>
  </RecipeDef>
  

          <!--RecipeDef ParentName="SurgeryRobot">
    <defName>InstallMk1Screen</defName>
    <label>install Mk1 Screen</label>
    <description>Installing Screen.</description>
    <workerClass>Recipe_InstallNaturalBodyPart</workerClass>
    <jobString>Installing screen.</jobString>
    <workAmount>1000</workAmount>
	<surgerySuccessChanceFactor>10</surgerySuccessChanceFactor>
    <skillRequirements>
    </skillRequirements>
		<ingredients>
			<li>
				<filter>
					<thingDefs>
						<li>Mk1Screen</li>
					</thingDefs>
				</filter>
				<count>1</count>
			</li>
		</ingredients>
		<fixedIngredientFilter>
			<thingDefs>
				<li>Mk1Screen</li>
			</thingDefs>
		</fixedIngredientFilter>
    <appliedOnFixedBodyParts>
      <li>MiddleScreen</li>
    </appliedOnFixedBodyParts>
  </RecipeDef-->
        <!--RecipeDef ParentName="SurgeryRobot">
    <defName>InstallCoolBlue</defName>
    <label>install Cool Blue</label>
    <description>Painting.</description>
    <workerClass>Recipe_InstallNaturalBodyPart</workerClass>
    <jobString>Installing leg.</jobString>
    <workAmount>1000</workAmount>
	<surgerySuccessChanceFactor>10</surgerySuccessChanceFactor>
    <skillRequirements>
    </skillRequirements>
		<ingredients>
			<li>
				<filter>
					<thingDefs>
						<li>CoolBlue</li>
					</thingDefs>
				</filter>
				<count>1</count>
			</li>
		</ingredients>
		<fixedIngredientFilter>
			<thingDefs>
				<li>CoolBlue</li>
			</thingDefs>
		</fixedIngredientFilter>
    <appliedOnFixedBodyParts>
      <li>PaintJob</li>
    </appliedOnFixedBodyParts>
  </RecipeDef>
  
          <RecipeDef ParentName="SurgeryRobot">
    <defName>InstallDefault</defName>
    <label>install default</label>
    <description>Painting.</description>
    <workerClass>Recipe_InstallNaturalBodyPart</workerClass>
    <jobString>Installing leg.</jobString>
    <workAmount>1000</workAmount>
	<surgerySuccessChanceFactor>10</surgerySuccessChanceFactor>
    <skillRequirements>
    </skillRequirements>
		<ingredients>
			<li>
				<filter>
					<thingDefs>
						<li>DefaultColor</li>
					</thingDefs>
				</filter>
				<count>1</count>
			</li>
		</ingredients>
		<fixedIngredientFilter>
			<thingDefs>
				<li>DefaultColor</li>
			</thingDefs>
		</fixedIngredientFilter>
    <appliedOnFixedBodyParts>
      <li>PaintJob</li>
    </appliedOnFixedBodyParts>
  </RecipeDef-->
  
  
</Defs>