<?xml version="1.0" encoding="utf-8" ?>
<Defs>
  <!--StatDef>
    <defName>RoboticSurgerySuccessChance</defName>
    <label>robotic surgery success chance</label>
    <description>The base chance that a character will succeed when performing a mechanical operation. The actual success chance is also affected by factors like facilities, room cleanliness, materials used, the difficulty of the installation, and inspirations. No matter how high the success chance, there is always a small chance of failure on any operation.</description>
    <category>PawnWork</category>
    <defaultBaseValue>1.00</defaultBaseValue>
    <minValue>0.01</minValue>
    <toStringStyle>PercentZero</toStringStyle>
    <skillNeedFactors>
      <li Class="SkillNeed_Direct">
        <skill>Crafting</skill>
        <valuesPerLevel>
          <li>0.10</li>
          <li>0.20</li>
          <li>0.30</li>
          <li>0.40</li>
          <li>0.50</li>
          <li>0.60</li>
          <li>0.70</li>
          <li>0.75</li>
          <li>0.80</li>
          <li>0.85</li>
          <li>0.90</li>
          <li>0.92</li>
          <li>0.94</li>
          <li>0.96</li>
          <li>0.98</li>
          <li>1.00</li>
          <li>1.02</li>
          <li>1.04</li>
          <li>1.06</li>
          <li>1.08</li>
          <li>1.10</li>
        </valuesPerLevel>
      </li>
    </skillNeedFactors>
    <capacityFactors>
      <li>
        <capacity>Sight</capacity>
        <weight>0.4</weight>
				<max>1</max>
			</li>
      <li>
        <capacity>Manipulation</capacity>
        <weight>1</weight>
      </li>
    </capacityFactors>
		<scenarioRandomizable>true</scenarioRandomizable>
	</StatDef-->


<!--StatDef>
    <defName>RoboticSurgerySuccessChanceFactor</defName>
    <label>robotic surgery success chance factor</label>
    <description>A multiplier to the chance that a surgery will succeed when performed here. Surgery success chances are also affected by many other factors, including the surgeon's ability and medicine used.</description>
    <workerClass>StatWorker_SurgerySuccessChanceFactor</workerClass>
    <category>Building</category>
    <defaultBaseValue>1.00</defaultBaseValue>
    <minValue>0</minValue>
    <toStringStyle>PercentZero</toStringStyle>
    <parts>
      <li Class="StatPart_RoomStat">
        <roomStat>SurgerySuccessChanceCleanlinessFactor</roomStat>
        <customLabel>Room cleanliness</customLabel>
      </li>
      <li Class="StatPart_Glow">
        <factorFromGlowCurve>
          <points>
            <li>(0,0.75)</li>
            <li>(0.50,1.00)</li>
          </points>
        </factorFromGlowCurve>
      </li>
			<li Class="StatPart_Outdoors">
				<factorIndoors>1</factorIndoors>
				<factorOutdoors>0.85</factorOutdoors>
			</li>
			<li Class="StatPart_Quality">
				<factorAwful>0.90</factorAwful>
				<factorPoor>0.95</factorPoor>
				<factorNormal>1</factorNormal>
				<factorGood>1.05</factorGood>
				<factorExcellent>1.1</factorExcellent>
				<factorMasterwork>1.15</factorMasterwork>
				<factorLegendary>1.3</factorLegendary>
			</li>
    </parts>
  </StatDef-->
  

</Defs>